gse_id,contact_country,date_cleaned,sex,race,sex_ratio,race_dist_score,DEI score
GSE197285,NLD,2022-02-23,0.0,0.0,0.0,0.0,0.0
GSE196723,DNK,2022-02-14,0.0,0.0,0.0,0.0,0.0
GSE181549,USA,2021-08-06,0.0,1.0,0.0,0.2388520132429678,4.238852013242968
GSE194397,USA,2022-01-25,0.0,0.1962025316455696,0.0,0.9325790676813567,1.7173891942636352
GSE148346,USA,2020-04-08,0.0,0.0,0.0,0.0,0.0
GSE188427,BEL,2021-11-08,0.0,0.0,0.0,0.0,0.0
GSE125019,GBR,2019-01-13,0.0,1.0,0.0,0.21057172221847142,4.2105717222184715
GSE193150,CAN,2022-01-06,0.0,0.0,0.0,0.0,0.0
GSE193135,CAN,2022-01-06,0.0,0.0,0.0,0.0,0.0
GSE124842,GBR,2019-01-09,0.0,1.0,0.0,0.9229095530767273,4.922909553076727
GSE178460,FIN,2021-06-18,0.0,0.0,0.0,0.0,0.0
GSE72326,USA,2015-08-24,0.0,0.9117647058823529,0.0,0.7298935647752868,4.376952388304699
GSE183136,USA,2021-08-31,0.0,0.0,0.0,0.0,0.0
GSE183071,ESP,2021-08-31,0.0,0.0,0.0,0.0,0.0
GSE162635,AUT,2020-12-03,0.0,0.0,0.0,0.0,0.0
GSE44589,AUT,2013-02-22,0.0,0.0,0.0,0.0,0.0
GSE150059,CAN,2020-05-07,0.0,0.0,0.0,0.0,0.0
GSE192444,CAN,2021-12-21,0.0,0.0,0.0,0.0,0.0
GSE182065,USA,2021-08-13,0.0,0.0,0.0,0.0,0.0
GSE182060,USA,2021-08-13,0.0,0.0,0.0,0.0,0.0
GSE150734,USA,2021-08-05,0.0,0.0,0.0,0.0,0.0
GSE85550,USA,2021-08-05,0.0,0.0,0.0,0.0,0.0
GSE190847,DEU,2021-12-13,0.0,0.0,0.0,0.0,0.0
GSE186102,ESP,2021-10-19,0.0,0.0,0.0,0.0,0.0
GSE152532,USA,2020-06-15,0.0,0.0,0.0,0.0,0.0
GSE186582,FRA,2021-10-26,0.0,0.0,0.0,0.0,0.0
GSE141661,FRA,2019-12-07,0.0,0.0,0.0,0.0,0.0
GSE141631,FRA,2019-12-08,0.0,0.0,0.0,0.0,0.0
GSE141623,FRA,2019-12-07,0.0,0.0,0.0,0.0,0.0
GSE160120,SGP,2020-10-26,0.0,0.0,0.0,0.0,0.0
GSE152951,NLD,2020-06-22,0.0,0.0,0.0,0.0,0.0
GSE189343,SWE,2021-11-22,0.0,0.0,0.0,0.0,0.0
GSE166999,CAN,2021-02-17,0.0,0.0,0.0,0.0,0.0
GSE166998,CAN,2021-02-17,0.0,0.0,0.0,0.0,0.0
GSE123088,SWE,2018-11-28,0.0,0.0,0.0,0.0,0.0
GSE123086,SWE,2018-11-28,0.0,0.0,0.0,0.0,0.0
GSE169455,SWE,2021-03-23,0.0,0.0,0.0,0.0,0.0
GSE183030,CHN,2021-08-30,0.0,0.0,0.0,0.0,0.0
GSE148321,ESP,2020-04-08,0.0,0.0,0.0,0.0,0.0
GSE168760,USA,2021-03-11,0.0,0.0,0.0,0.0,0.0
GSE106584,USA,2017-11-06,0.0,0.0,0.0,0.0,0.0
GSE163173,ITA,2020-12-14,0.0,0.0,0.0,0.0,0.0
GSE122290,AUS,2018-11-07,0.0,0.0,0.0,0.0,0.0
GSE182852,ESP,2021-08-26,0.0,0.0,0.0,0.0,0.0
GSE182616,USA,2021-08-23,0.0,0.0,0.0,0.0,0.0
GSE152529,DEU,2020-06-15,0.0,0.0,0.0,0.0,0.0
GSE186110,CAN,2021-10-19,0.0,0.0,0.0,0.0,0.0
GSE182798,FIN,2021-08-20,0.0,0.0,0.0,0.0,0.0
GSE182503,FIN,2021-08-20,0.0,0.0,0.0,0.0,0.0
GSE186001,CAN,2021-10-15,0.0,0.0,0.0,0.0,0.0
GSE163211,USA,2020-12-14,0.0,0.9811320754716981,0.0,0.515633242592935,4.440161544479728
GSE185047,BEL,2021-09-29,0.0,0.0,0.0,0.0,0.0
GSE166069,USA,2021-02-03,0.0,0.0,0.0,0.0,0.0
GSE180347,DEU,2021-07-19,0.0,0.0,0.0,0.0,0.0
GSE126581,ESP,2019-02-14,0.0,0.0,0.0,0.0,0.0
GSE120908,USA,2018-10-05,0.0,0.0,0.0,0.0,0.0
GSE120906,USA,2018-10-05,0.0,0.0,0.0,0.0,0.0
GSE69063,AUS,2015-05-19,0.0,0.0,0.0,0.0,0.0
GSE183356,USA,2021-09-03,0.0,0.0,0.0,0.0,0.0
GSE145848,USA,2020-02-24,0.0,0.0,0.0,0.0,0.0
GSE182162,USA,2021-08-16,0.0,0.0,0.0,0.0,0.0
GSE162228,TWN,2020-11-27,0.0,0.0,0.0,0.0,0.0
GSE181757,USA,2021-08-10,0.0,0.0,0.0,0.0,0.0
GSE178201,USA,2021-08-27,0.0,0.0,0.0,0.0,0.0
GSE181574,USA,2021-08-06,0.0,0.0,0.0,0.0,0.0
GSE180962,USA,2021-07-27,0.0,0.0,0.0,0.0,0.0
GSE182299,USA,2021-08-17,0.0,0.0,0.0,0.0,0.0
GSE159956,USA,2020-10-23,0.0,0.0,0.0,0.0,0.0
GSE182121,DNK,2021-08-14,0.0,0.0,0.0,0.0,0.0
GSE147996,NLD,2020-04-02,0.0,0.0,0.0,0.0,0.0
GSE181996,CAN,2021-08-12,0.0,0.0,0.0,0.0,0.0
GSE181548,ESP,2021-08-06,0.0,0.0,0.0,0.0,0.0
GSE167213,DEU,2021-02-22,0.0,0.0,0.0,0.0,0.0
GSE147881,AUS,2020-04-01,0.0,0.0,0.0,0.0,0.0
GSE181063,GBR,2021-07-28,1.0,0.0,0.6588665634817368,0.0,4.317733126963473
GSE178236,ITA,2021-06-15,0.0,0.0,0.0,0.0,0.0
GSE178120,NOR,2021-06-14,0.0,0.0,0.0,0.0,0.0
GSE159216,NOR,2020-10-08,0.0,0.0,0.0,0.0,0.0
GSE180709,AUS,2021-07-23,0.0,0.0,0.0,0.0,0.0
GSE180677,CAN,2021-07-22,0.0,0.0,0.0,0.0,0.0
GSE179285,USA,2021-07-01,0.0,0.0,0.0,0.0,0.0
GSE168443,USA,2021-03-08,0.0,0.0,0.0,0.0,0.0
GSE168442,USA,2021-03-08,0.0,0.0,0.0,0.0,0.0
GSE58785,FRA,2021-03-01,0.0,0.0,0.0,0.0,0.0
GSE117465,USA,2018-07-06,0.0,0.0,0.0,0.0,0.0
GSE116725,USA,2018-07-06,0.0,0.0,0.0,0.0,0.0
GSE163560,GBR,2020-12-20,0.0,0.0,0.0,0.0,0.0
GSE126595,DEU,2019-02-14,0.0,0.0,0.0,0.0,0.0
GSE164760,ESP,2021-01-13,0.0,0.0,0.0,0.0,0.0
GSE102012,USA,2017-07-28,0.0,0.0,0.0,0.0,0.0
GSE66843,USA,2015-03-12,0.0,0.0,0.0,0.0,0.0
GSE116045,CHE,2018-06-20,0.0,0.0,0.0,0.0,0.0
GSE151103,GBR,2020-05-23,0.0,0.0,0.0,0.0,0.0
GSE151102,GBR,2020-05-23,0.0,0.0,0.0,0.0,0.0
GSE151101,GBR,2020-05-23,0.0,0.0,0.0,0.0,0.0
GSE173839,USA,2021-05-04,0.0,0.0,0.0,0.0,0.0
GSE166375,GBR,2021-02-08,1.0,0.0,0.024320848558542663,0.0,3.0486416971170853
GSE176339,DEU,2021-06-04,0.0,0.0,0.0,0.0,0.0
GSE176190,DEU,2021-06-04,0.0,0.0,0.0,0.0,0.0
GSE176043,NOR,2021-06-02,0.0,0.0,0.0,0.0,0.0
GSE169038,USA,2021-03-16,0.0,1.0,0.0,0.6607170989386908,4.660717098938691
GSE175692,ESP,2021-05-27,0.0,0.0,0.0,0.0,0.0
GSE149440,USA,2020-04-27,0.0,0.0,0.0,0.0,0.0
GSE149437,USA,2020-04-27,0.0,0.0,0.0,0.0,0.0
GSE149436,USA,2020-04-27,0.0,0.0,0.0,0.0,0.0
GSE140973,DEU,2019-11-25,0.0,0.0,0.0,0.0,0.0
GSE97948,GBR,2017-04-18,0.0,0.9911190053285968,0.0,0.531872717593444,4.496348738907831
GSE97810,GBR,2017-04-14,0.0,0.9822097378277154,0.0,0.5079603163278252,4.436799267638687
GSE97476,GBR,2017-04-06,0.0,0.9630872483221476,0.0,0.5082556654570218,4.360604658745612
GSE97475,GBR,2017-04-06,0.0,0.0,0.0,0.0,0.0
GSE161023,GBR,2020-11-06,0.0,0.0,0.0,0.0,0.0
GSE133228,FRA,2019-06-19,0.0,0.0,0.0,0.0,0.0
GSE172423,USA,2021-04-20,0.0,0.0,0.0,0.0,0.0
GSE168735,FRA,2021-03-11,0.0,0.0,0.0,0.0,0.0
GSE171739,ITA,2021-04-08,0.0,0.0,0.0,0.0,0.0
GSE154141,USA,2020-07-09,0.0,0.0,0.0,0.0,0.0
GSE147933,NLD,2020-04-01,0.0,0.0,0.0,0.0,0.0
GSE137221,DNK,2019-09-10,0.0,0.0,0.0,0.0,0.0
GSE147762,ITA,2020-03-30,0.0,0.0,0.0,0.0,0.0
GSE167893,USA,2021-02-28,0.0,0.0,0.0,0.0,0.0
GSE159949,USA,2020-10-23,0.0,0.0,0.0,0.0,0.0
GSE168753,USA,2021-03-11,0.0,0.0,0.0,0.0,0.0
GSE168422,USA,2021-03-07,0.0,0.0,0.0,0.0,0.0
GSE159514,ITA,2020-10-19,0.0,0.0,0.0,0.0,0.0
GSE148450,USA,2020-04-10,1.0,0.0,0.5724377572413948,0.0,4.14487551448279
GSE163209,GBR,2020-12-14,0.0,0.0,0.0,0.0,0.0
GSE167093,FRA,2021-02-19,0.0,0.0,0.0,0.0,0.0
GSE163722,USA,2020-12-22,0.7401129943502824,0.0,0.927000697867512,0.0,4.074340378785871
GSE163720,USA,2020-12-22,1.0,0.0,0.927000697867512,0.0,4.854001395735024
GSE166545,USA,2021-02-10,0.0,0.0,0.0,0.0,0.0
GSE166427,ESP,2013-02-05,0.0,0.0,0.0,0.0,0.0
GSE110829,JPN,2018-02-20,0.0,0.0,0.0,0.0,0.0
GSE45498,CHE,2012-11-01,0.0,0.0,0.0,0.0,0.0
GSE144127,GBR,2020-01-23,0.0,0.0,0.0,0.0,0.0
GSE153342,GBR,2020-06-26,0.0,0.0,0.0,0.0,0.0
GSE153340,GBR,2020-06-26,0.0,0.0,0.0,0.0,0.0
GSE134364,NLD,2019-07-16,0.0,0.0,0.0,0.0,0.0
GSE134358,NLD,2019-07-16,0.0,0.0,0.0,0.0,0.0
GSE134347,NLD,2019-07-16,0.0,0.0,0.0,0.0,0.0
GSE115002,CHN,2018-05-29,0.0,0.0,0.0,0.0,0.0
GSE164191,CHN,2021-01-04,0.0,0.0,0.0,0.0,0.0
GSE111477,FRA,2018-03-06,0.0,0.0,0.0,0.0,0.0
GSE87900,NLD,2016-10-12,0.0,0.0,0.0,0.0,0.0
GSE25194,USA,2010-11-08,0.0,0.0,0.0,0.0,0.0
GSE156915,GBR,2020-08-26,0.0,0.0,0.0,0.0,0.0
GSE148877,GBR,2020-04-17,1.0,0.0,0.06313737575602285,0.0,3.126274751512046
GSE148871,GBR,2020-04-17,1.0,0.0,0.9161477076070195,0.0,4.832295415214039
GSE157350,FRA,2020-09-02,0.0,0.0,0.0,0.0,0.0
GSE147472,ITA,2020-03-24,0.0,0.0,0.0,0.0,0.0
GSE151335,GBR,2020-05-27,0.0,0.0,0.0,0.0,0.0
GSE159472,USA,2020-10-13,0.0,0.0,0.0,0.0,0.0
GSE157548,CAN,2020-06-26,0.0,0.35799522673031026,0.0,0.6958824040047454,2.1278633109259864
GSE157547,CAN,2020-09-05,0.0,0.0,0.0,0.0,0.0
GSE153352,CAN,2020-06-26,0.0,1.0,0.0,0.6958824040047454,4.695882404004745
GSE116975,BEL,2020-05-14,0.0,0.0,0.0,0.0,0.0
GSE140831,USA,2019-11-22,0.0,0.0,0.0,0.0,0.0
GSE140830,USA,2019-11-22,0.0,0.0,0.0,0.0,0.0
GSE140829,USA,2019-11-22,0.0,0.0,0.0,0.0,0.0
GSE161158,USA,2020-11-10,0.0,0.0,0.0,0.0,0.0
GSE147089,BEL,2020-03-17,0.0,0.0,0.0,0.0,0.0
GSE140161,FRA,2019-11-08,0.0,0.0,0.0,0.0,0.0
GSE159289,NLD,2020-10-09,0.0,0.0,0.0,0.0,0.0
GSE147270,DEU,2020-03-20,0.0,0.0,0.0,0.0,0.0
GSE150156,CAN,2020-05-08,0.0,0.0,0.0,0.0,0.0
GSE146558,TWN,2020-03-06,0.0,0.0,0.0,0.0,0.0
GSE158821,USA,2020-09-29,0.75,0.0,0.7894208202904245,0.0,3.828841640580849
GSE104580,SGP,2017-10-04,0.0,0.0,0.0,0.0,0.0
GSE135589,GBR,2019-08-08,0.0,0.0,0.0,0.0,0.0
GSE158309,DEU,2020-09-21,0.0,0.0,0.0,0.0,0.0
GSE150576,USA,2020-04-24,0.0,0.0,0.0,0.0,0.0
GSE149322,USA,2020-04-24,0.0,0.0,0.0,0.0,0.0
GSE157738,USA,2020-09-09,0.0,0.0,0.0,0.0,0.0
GSE132050,GBR,2019-05-31,0.0,0.0,0.0,0.0,0.0
GSE146093,ESP,2020-02-28,0.0,0.0,0.0,0.0,0.0
GSE136411,ITA,2019-08-27,0.0,0.0,0.0,0.0,0.0
GSE103874,GBR,2017-09-14,0.0,0.0,0.0,0.0,0.0
GSE103862,GBR,2017-09-14,0.0,0.0,0.0,0.0,0.0
GSE157011,USA,2020-08-27,0.0,0.0,0.0,0.0,0.0
GSE157010,USA,2020-08-27,0.0,0.0,0.0,0.0,0.0
GSE157009,USA,2020-08-27,0.0,0.0,0.0,0.0,0.0
GSE151052,CAN,2020-05-22,0.0,0.0,0.0,0.0,0.0
GSE132342,AUS,2019-06-06,0.0,0.0,0.0,0.0,0.0
GSE131761,ESP,2019-05-24,0.0,0.0,0.0,0.0,0.0
GSE155959,GBR,2020-08-10,0.0,0.0,0.0,0.0,0.0
GSE155934,GBR,2020-08-09,0.0,0.0,0.0,0.0,0.0
GSE155933,GBR,2020-08-09,0.0,0.0,0.0,0.0,0.0
GSE135304,USA,2019-08-02,0.0,1.0,0.0,0.5749428350994605,4.574942835099461
GSE137680,USA,2019-09-18,1.0,0.0,0.8071573464136135,0.0,4.614314692827227
GSE141549,FIN,2019-12-05,0.0,0.0,0.0,0.0,0.0
GSE135820,CAN,2019-08-14,0.0,0.6762325239146432,0.0,0.529427541255794,3.2343576369143667
GSE154846,GBR,2017-09-25,0.0,0.0,0.0,0.0,0.0
GSE134160,DEU,2019-07-09,0.0,0.0,0.0,0.0,0.0
GSE139305,USA,2019-10-23,0.0,0.0,0.0,0.0,0.0
GSE139301,USA,2019-10-23,0.0,0.0,0.0,0.0,0.0
GSE139300,USA,2019-10-23,0.0,0.0,0.0,0.0,0.0
GSE134544,USA,2019-07-19,0.0,0.0,0.0,0.0,0.0
GSE109857,CHN,2018-01-30,0.0,0.0,0.0,0.0,0.0
GSE154286,CHE,2020-07-13,0.0,0.0,0.0,0.0,0.0
GSE152160,SWE,2020-06-09,0.0,0.0,0.0,0.0,0.0
GSE139655,USA,2019-10-31,0.0,0.0,0.0,0.0,0.0
GSE139411,USA,2019-10-25,0.0,0.0,0.0,0.0,0.0
GSE138723,USA,2019-10-29,0.0,0.0,0.0,0.0,0.0
GSE134568,USA,2019-07-19,0.0,0.0,0.0,0.0,0.0
GSE134310,USA,2019-07-15,0.0,0.0,0.0,0.0,0.0
GSE153470,GBR,2020-06-29,0.0,0.0,0.0,0.0,0.0
GSE146114,NOR,2011-02-23,0.0,0.0,0.0,0.0,0.0
GSE151373,BEL,2020-05-28,0.0,0.0,0.0,0.0,0.0
GSE127243,CAN,2019-02-25,0.0,0.0,0.0,0.0,0.0
GSE134051,DEU,2019-07-09,0.0,0.0,0.0,0.0,0.0
GSE143382,DNK,2020-01-09,0.0,0.0,0.0,0.0,0.0
GSE100165,USA,2017-06-19,0.0,0.0,0.0,0.0,0.0
GSE100155,USA,2017-06-19,0.0,0.0,0.0,0.0,0.0
GSE100150,USA,2017-06-19,0.0,0.0,0.0,0.0,0.0
GSE134589,GBR,2019-07-20,0.0,0.0,0.0,0.0,0.0
GSE150615,GBR,2020-05-05,0.0,0.0,0.0,0.0,0.0
GSE150614,GBR,2020-05-14,0.0,0.0,0.0,0.0,0.0
GSE150612,GBR,2020-05-14,0.0,0.0,0.0,0.0,0.0
GSE150604,GBR,2020-05-14,0.0,0.0,0.0,0.0,0.0
GSE149921,GBR,2020-05-05,0.0,0.0,0.0,0.0,0.0
GSE146338,USA,2020-03-04,0.0,0.0,0.0,0.0,0.0
GSE149490,USA,2020-04-28,0.0,0.0,0.0,0.0,0.0
GSE128709,USA,2017-07-12,0.0,0.0,0.0,0.0,0.0
GSE128708,USA,2019-03-22,0.0,0.0,0.0,0.0,0.0
GSE108211,USA,2017-12-18,0.0,0.0,0.0,0.0,0.0
GSE136163,USA,2019-08-21,0.0,0.0,0.0,0.0,0.0
GSE125860,USA,2019-01-29,0.0,0.0,0.0,0.0,0.0
GSE144826,ESP,2020-02-05,1.0,0.0,0.6079194606605716,0.0,4.215838921321144
GSE67269,USA,2013-02-01,0.0,0.0,0.0,0.0,0.0
GSE44021,USA,2013-02-01,0.0,0.0,0.0,0.0,0.0
GSE145780,CAN,2020-02-23,0.0,0.0,0.0,0.0,0.0
GSE108277,ITA,2017-12-19,0.0,0.0,0.0,0.0,0.0
GSE132897,ESP,2019-06-18,0.0,0.0,0.0,0.0,0.0
GSE144235,USA,2020-01-24,0.0,0.0,0.0,0.0,0.0
GSE146361,KOR,2020-03-04,0.0,0.0,0.0,0.0,0.0
GSE105450,USA,2017-10-20,0.0,1.0,0.0,0.33365284474137924,4.333652844741379
GSE136644,USA,2019-08-29,0.0,0.0,0.0,0.0,0.0
GSE147271,NLD,2020-03-20,0.0,0.0,0.0,0.0,0.0
GSE138081,NLD,2019-09-26,0.0,0.0,0.0,0.0,0.0
GSE117468,USA,2018-07-22,0.0,1.0,0.0,0.830150669612849,4.830150669612849
GSE127711,USA,2019-03-01,0.0,0.0,0.0,0.0,0.0
GSE146446,CAN,2020-03-05,0.0,0.0,0.0,0.0,0.0
GSE147691,DEU,2020-03-29,0.0,0.0,0.0,0.0,0.0
GSE147690,DEU,2020-03-29,0.0,0.0,0.0,0.0,0.0
GSE147689,DEU,2020-03-29,0.0,0.0,0.0,0.0,0.0
GSE146377,USA,2020-03-04,0.0,1.0,0.0,0.5378917214039759,4.537891721403976
GSE146374,USA,2020-03-04,0.0,1.0,0.0,0.537891721403976,4.537891721403976
GSE137140,JPN,2019-09-09,0.0,0.0,0.0,0.0,0.0
GSE133513,ITA,2019-06-28,0.0,0.0,0.0,0.0,0.0
GSE121352,FRA,2018-10-16,0.0,0.0,0.0,0.0,0.0
GSE121350,FRA,2018-10-16,0.0,0.0,0.0,0.0,0.0
GSE147571,JPN,2020-03-26,0.0,0.0,0.0,0.0,0.0
GSE132219,ESP,2019-05-31,0.0,0.0,0.0,0.0,0.0
GSE132305,ESP,2019-06-06,0.0,0.0,0.0,0.0,0.0
GSE131769,KOR,2019-05-24,0.0,0.0,0.0,0.0,0.0
GSE147033,DEU,2020-03-16,0.0,0.0,0.0,0.0,0.0
GSE144901,USA,2020-02-06,0.9747899159663865,0.0,0.12925156649636482,0.0,3.182872880891889
GSE144896,USA,2020-02-06,0.9491525423728814,0.0,0.11481514887076227,0.0,3.0770879248601686
GSE138458,USA,2019-10-04,0.0,0.0,0.0,0.0,0.0
GSE146615,USA,2020-03-09,0.0,0.0,0.0,0.0,0.0
GSE146556,USA,2020-03-06,0.0,0.0,0.0,0.0,0.0
GSE136757,USA,2019-09-03,0.0,1.0,0.0,0.3042677877308511,4.3042677877308515
GSE126870,GBR,2019-02-21,0.0,0.0,0.0,0.0,0.0
GSE131049,USA,2019-05-10,0.0,0.0,0.0,0.0,0.0
GSE112100,USA,2018-03-20,0.0,0.0,0.0,0.0,0.0
GSE112099,USA,2018-03-20,0.0,0.0,0.0,0.0,0.0
GSE145120,DEU,2020-02-11,0.0,0.0,0.0,0.0,0.0
GSE143626,USA,2020-01-14,0.0,0.0,0.0,0.0,0.0
GSE108712,CAN,2018-01-03,0.0,0.0,0.0,0.0,0.0
GSE144810,USA,2020-02-05,0.0,0.9868421052631579,0.0,0.7782536145914718,4.725622035644103
GSE131528,USA,2019-05-20,0.15748031496062992,0.8307086614173228,0.30694599312946,0.5485939355856715,4.957761512395773
GSE144542,DEU,2020-01-24,0.0,0.0,0.0,0.0,0.0
GSE144540,DEU,2020-01-30,0.0,0.0,0.0,0.0,0.0
GSE128959,SWE,2019-03-27,0.0,0.0,0.0,0.0,0.0
GSE138351,USA,2019-10-02,0.0,0.0,0.0,0.0,0.0
GSE131282,CHE,2019-05-15,1.0,0.0,0.04267172397036423,0.0,3.0853434479407285
GSE131281,CHE,2019-05-15,1.0,0.0,0.2126259535896411,0.0,3.425251907179282
GSE143272,IND,2020-01-07,0.0,0.0,0.0,0.0,0.0
GSE95584,USA,2014-07-24,0.0,0.0,0.0,0.0,0.0
GSE65442,USA,2014-07-22,0.0,0.0,0.0,0.0,0.0
GSE65440,USA,2014-07-21,0.0,0.0,0.0,0.0,0.0
GSE124719,GBR,2019-01-07,0.0,1.0,0.0,0.47399484098200795,4.473994840982008
GSE108685,NLD,2018-01-03,0.0,0.0,0.0,0.0,0.0
GSE133288,USA,2019-06-25,0.0,0.0,0.0,0.0,0.0
GSE124828,DEU,2019-01-08,0.0,0.0,0.0,0.0,0.0
GSE119217,USA,2018-08-29,0.0,0.9402985074626866,0.0,0.3860097546546808,4.147203784505427
GSE124689,GBR,2019-01-04,0.0,1.0,0.0,0.913223868715234,4.913223868715234
GSE124637,USA,2019-01-03,0.0,0.0,0.0,0.0,0.0
GSE120782,USA,2018-10-03,0.0,0.0,0.0,0.0,0.0
GSE121932,CHN,2018-10-29,0.0,0.0,0.0,0.0,0.0
GSE121931,CHN,2018-10-29,0.0,0.0,0.0,0.0,0.0
GSE142102,USA,2019-12-16,0.0,1.0,0.0,0.9325790676813567,4.932579067681357
GSE142049,GBR,2019-12-14,0.0,0.0,0.0,0.0,0.0
GSE141934,GBR,2019-12-12,0.0,0.0,0.0,0.0,0.0
GSE137634,GBR,2019-09-17,0.0,0.0,0.0,0.0,0.0
GSE121974,USA,2018-10-30,0.0,0.0,0.0,0.0,0.0
GSE131184,GBR,2019-05-14,0.0,0.0,0.0,0.0,0.0
GSE62931,USA,2014-11-03,0.0,0.0,0.0,0.0,0.0
GSE141551,USA,2019-12-05,0.0,1.0,0.0,0.7208801360073596,4.720880136007359
GSE141256,USA,2019-12-02,0.0,0.0,0.0,0.0,0.0
GSE141253,DEU,2019-12-02,0.0,0.0,0.0,0.0,0.0
GSE140939,NLD,2019-11-25,0.0,0.0,0.0,0.0,0.0
GSE110551,USA,2018-02-13,0.0,0.0,0.0,0.0,0.0
GSE123342,BEL,2018-12-04,0.0,0.0,0.0,0.0,0.0
GSE140684,USA,2019-11-19,0.0,0.0,0.0,0.0,0.0
GSE125004,CAN,2019-08-26,0.0,0.0,0.0,0.0,0.0
GSE140082,USA,2019-11-07,0.0,0.0,0.0,0.0,0.0
GSE124203,CAN,2018-12-20,0.0,0.0,0.0,0.0,0.0
GSE135519,ITA,2019-08-07,0.0,0.0,0.0,0.0,0.0
GSE113395,USA,2018-04-19,0.0,0.0,0.0,0.0,0.0
GSE126124,USA,2019-02-05,0.0,0.0,0.0,0.0,0.0
GSE123302,USA,2018-12-03,0.0,0.0,0.0,0.0,0.0
GSE139255,KOR,2019-10-22,0.0,0.0,0.0,0.0,0.0
GSE137481,CAN,2019-09-16,0.0,0.9754601226993865,0.0,0.5378917214039759,4.439732212201522
GSE138914,USA,2019-10-15,0.0,0.0,0.0,0.0,0.0
GSE98708,ITA,2017-05-09,0.0,0.0,0.0,0.0,0.0
GSE123352,ITA,2018-12-04,1.0,0.0,0.7498361099585722,0.0,4.499672219917144
GSE132607,USA,2019-06-12,0.0,0.0,0.0,0.0,0.0
GSE138064,USA,2019-09-26,0.0,0.0,0.0,0.0,0.0
GSE132348,ITA,2019-06-06,0.0,0.0,0.0,0.0,0.0
GSE119295,CAN,2018-08-30,0.0,0.0,0.0,0.0,0.0
GSE81761,USA,2016-05-23,0.0,1.0,0.0,0.2741404175927773,4.274140417592777
GSE134511,CAN,2019-07-18,0.0,0.0,0.0,0.0,0.0
GSE87070,NLD,2016-09-19,0.0,0.0,0.0,0.0,0.0
GSE137394,USA,2019-09-13,0.0,0.0,0.0,0.0,0.0
GSE137356,USA,2019-09-12,0.0,0.0,0.0,0.0,0.0
GSE120398,USA,2018-09-24,0.0,0.0,0.0,0.0,0.0
GSE136971,FRA,2016-09-26,0.0,0.0,0.0,0.0,0.0
GSE120719,USA,2018-10-01,0.0,0.0,0.0,0.0,0.0
GSE120717,USA,2018-10-01,0.0,0.0,0.0,0.0,0.0
GSE113867,GBR,2018-04-11,0.0,0.0,0.0,0.0,0.0
GSE113866,GBR,2018-04-30,0.0,0.0,0.0,0.0,0.0
GSE112958,GBR,2018-04-11,0.0,0.0,0.0,0.0,0.0
GSE136400,USA,2019-08-26,0.0,0.9044943820224719,0.0,0.6992823866431322,4.31725991473302
GSE136398,USA,2019-08-27,0.0,0.0,0.0,0.0,0.0
GSE136337,USA,2019-08-26,0.0,0.9976525821596244,0.0,0.6857314827627019,4.676341811401199
GSE136324,USA,2019-08-26,0.0,0.9953863898500577,0.0,0.7059472834234838,4.687492842823715
GSE122078,DEU,2018-10-31,0.0,0.0,0.0,0.0,0.0
GSE20250,USA,2006-03-20,1.0,0.0,0.06491100381981008,0.0,3.1298220076396204
GSE135079,USA,2019-07-30,0.0,0.0,0.0,0.0,0.0
GSE125478,CAN,2019-01-22,0.0,0.0,0.0,0.0,0.0
GSE124897,CAN,2019-01-10,0.0,0.0,0.0,0.0,0.0
GSE129166,BEL,2019-04-01,0.0,0.0,0.0,0.0,0.0
GSE135066,DEU,2019-07-25,0.0,0.0,0.0,0.0,0.0
GSE103084,USA,2017-08-24,0.0,0.0,0.0,0.0,0.0
GSE118408,SGP,2018-08-06,0.0,0.0,0.0,0.0,0.0
GSE130494,SWE,2019-04-30,0.0,0.0,0.0,0.0,0.0
GSE111175,USA,2018-02-27,0.0,0.0,0.0,0.0,0.0
GSE117339,SGP,2018-07-18,0.0,0.0,0.0,0.0,0.0
GSE88794,NLD,2016-10-15,0.0,0.0,0.0,0.0,0.0
GSE118553,GBR,2018-08-14,0.0,0.0,0.0,0.0,0.0
GSE133385,USA,2019-06-26,0.0,0.0,0.0,0.0,0.0
GSE114869,TWN,2018-05-24,0.0,0.0,0.0,0.0,0.0
GSE114868,TWN,2018-05-24,0.0,0.0,0.0,0.0,0.0
GSE130953,USA,2019-05-09,0.0,0.0,0.0,0.0,0.0
GSE98620,ESP,2017-05-07,0.0,0.0,0.0,0.0,0.0
GSE123750,GBR,2018-12-12,0.0,0.0,0.0,0.0,0.0
GSE107299,CAN,2018-02-05,0.0,0.0,0.0,0.0,0.0
GSE133477,USA,2019-06-28,0.0,0.0,0.0,0.0,0.0
GSE132929,USA,2019-06-18,0.0,0.0,0.0,0.0,0.0
GSE132903,USA,2019-06-18,0.0,0.0,0.0,0.0,0.0
GSE132837,FRA,2017-08-23,0.0,0.0,0.0,0.0,0.0
GSE129488,USA,2019-04-08,0.0,0.0,0.0,0.0,0.0
GSE129560,USA,2019-04-09,0.0,0.0,0.0,0.0,0.0
GSE129559,USA,2019-04-09,0.0,0.0,0.0,0.0,0.0
GSE129558,USA,2019-04-09,0.0,0.0,0.0,0.0,0.0
GSE129557,USA,2019-04-09,0.0,0.0,0.0,0.0,0.0
GSE129556,USA,2019-04-09,0.0,0.0,0.0,0.0,0.0
GSE129551,USA,2019-04-09,0.0,0.0,0.0,0.0,0.0
GSE124648,USA,2019-01-03,0.0,0.0,0.0,0.0,0.0
GSE124647,USA,2019-01-03,0.0,0.0,0.0,0.0,0.0
GSE124646,USA,2019-01-03,0.0,0.0,0.0,0.0,0.0
GSE83937,FRA,2016-06-16,0.0,0.0,0.0,0.0,0.0
GSE131617,JPN,2019-05-22,1.0,0.0,0.955069556813755,0.0,4.91013911362751
GSE131465,CHN,2019-05-15,0.0,0.0,0.0,0.0,0.0
GSE131418,USA,2019-05-17,0.0,0.0,0.0,0.0,0.0
GSE130991,FRA,2019-05-09,0.0,0.0,0.0,0.0,0.0
GSE118223,USA,2018-08-07,0.0,0.0,0.0,0.0,0.0
GSE106737,FRA,2017-11-09,0.0,0.0,0.0,0.0,0.0
GSE130788,USA,2019-05-06,0.0,0.0,0.0,0.0,0.0
GSE130786,USA,2019-05-06,0.0,0.0,0.0,0.0,0.0
GSE128192,USA,2019-03-12,0.0,0.0,0.0,0.0,0.0
GSE127472,USA,2019-02-28,0.0,0.0,0.0,0.0,0.0
GSE127462,USA,2019-02-28,0.0,0.0,0.0,0.0,0.0
GSE130645,GBR,2019-04-29,0.0,0.0,0.0,0.0,0.0
GSE130588,USA,2019-05-01,0.9038461538461539,0.9038461538461539,0.6692713872920006,0.3192092708553306,7.984675122362408
GSE113282,DEU,2018-04-17,0.0,0.0,0.0,0.0,0.0
GSE130499,USA,2019-04-30,0.0,0.0,0.0,0.0,0.0
GSE126963,SWE,2019-02-22,0.0,0.0,0.0,0.0,0.0
GSE119600,POL,2018-09-06,0.0,0.0,0.0,0.0,0.0
GSE124283,POL,2018-12-21,0.0,0.0,0.0,0.0,0.0
GSE122063,USA,2018-11-01,0.0,0.0,0.0,0.0,0.0
GSE68308,USA,2015-04-21,0.0,0.0,0.0,0.0,0.0
GSE101702,DEU,2017-07-20,1.0,0.0,0.39954902424402583,0.0,3.7990980484880517
GSE129604,CAN,2019-04-10,0.0,0.0,0.0,0.0,0.0
GSE113007,USA,2018-04-11,0.0,1.0,0.0,0.7140651518018737,4.714065151801874
GSE113006,USA,2018-04-11,0.0,1.0,0.0,0.7134186609264905,4.71341866092649
GSE113004,USA,2018-04-11,0.0,1.0,0.0,0.7147078397897546,4.714707839789755
GSE117090,CHE,2018-07-13,0.0,0.0,0.0,0.0,0.0
GSE128702,CAN,2019-03-21,0.0,0.0,0.0,0.0,0.0
GSE128701,CAN,2019-03-21,0.0,0.0,0.0,0.0,0.0
GSE108497,USA,2017-12-24,0.0,0.025390625,0.0,0.9325790676813567,1.0341415676813566
GSE120242,USA,2018-09-20,0.0,0.0,0.0,0.0,0.0
GSE112366,USA,2018-03-27,0.0,0.0,0.0,0.0,0.0
GSE112825,USA,2018-04-06,0.0,0.0,0.0,0.0,0.0
GSE107850,NLD,2017-12-08,0.0,0.0,0.0,0.0,0.0
GSE128381,BEL,2019-03-15,0.0,0.0,0.0,0.0,0.0
GSE125216,USA,2019-01-16,0.0,0.0,0.0,0.0,0.0
GSE101651,GBR,2017-07-14,0.0,0.0,0.0,0.0,0.0
GSE119847,DEU,2018-09-12,0.0,0.0,0.0,0.0,0.0
GSE102134,BEL,2017-08-01,0.0,0.0,0.0,0.0,0.0
GSE96669,GBR,2017-03-15,0.5454545454545454,0.0,0.0044723140865415845,0.0,1.6453082645367194
GSE127208,USA,2019-02-26,0.0,0.0,0.0,0.0,0.0
GSE99573,USA,2017-06-01,0.0,0.0,0.0,0.0,0.0
GSE119214,CAN,2018-08-29,0.0,0.0,0.0,0.0,0.0
GSE103166,AUS,2017-08-28,0.0,0.0,0.0,0.0,0.0
GSE103740,USA,2017-09-10,0.0,0.0,0.0,0.0,0.0
GSE103733,USA,2017-09-12,0.0,0.0,0.0,0.0,0.0
GSE103671,USA,2017-09-10,0.0,0.0,0.0,0.0,0.0
GSE66222,USA,2014-10-10,0.0,0.0,0.0,0.0,0.0
GSE122725,CAN,2018-11-19,0.0,0.0,0.0,0.0,0.0
GSE120369,GBR,2018-09-24,0.0,0.0,0.0,0.0,0.0
GSE120367,GBR,2018-09-24,0.0,0.0,0.0,0.0,0.0
GSE107019,DEU,2017-11-15,0.0,0.0,0.0,0.0,0.0
GSE117239,USA,2018-07-17,0.0,0.0,0.0,0.0,0.0
GSE114403,USA,2018-05-14,0.0,0.0,0.0,0.0,0.0
GSE106992,USA,2017-11-16,0.0,0.0,0.0,0.0,0.0
GSE125915,JPN,2012-11-19,0.0,0.0,0.0,0.0,0.0
GSE124113,FRA,2018-12-19,0.0,0.0,0.0,0.0,0.0
GSE124111,FRA,2018-12-19,0.0,0.0,0.0,0.0,0.0
GSE124101,FRA,2018-12-19,0.0,0.0,0.0,0.0,0.0
GSE108649,USA,2018-01-02,0.0,0.0,0.0,0.0,0.0
GSE102689,USA,2017-08-15,0.0,0.0,0.0,0.0,0.0
GSE117556,GBR,2018-07-23,0.0,0.0,0.0,0.0,0.0
GSE124862,USA,2019-01-09,0.0,0.0,0.0,0.0,0.0
GSE124533,GBR,2019-01-04,0.0,1.0,0.0,0.4504930420757515,4.450493042075752
GSE111563,GBR,2018-03-08,0.0,0.0,0.0,0.0,0.0
GSE112791,JPN,2018-04-06,0.0,0.0,0.0,0.0,0.0
GSE112790,JPN,2018-04-06,0.0,0.0,0.0,0.0,0.0
GSE124305,CAN,2018-12-22,0.0,0.0,0.0,0.0,0.0
GSE108124,GBR,2017-02-07,0.0,0.0,0.0,0.0,0.0
GSE71799,USA,2015-08-06,0.0,0.0,0.0,0.0,0.0
GSE78721,IND,2016-10-17,0.0,0.0,0.0,0.0,0.0
GSE70867,DEU,2015-07-13,0.0,0.0,0.0,0.0,0.0
GSE70866,DEU,2015-07-13,0.0,0.0,0.0,0.0,0.0
GSE119717,ITA,2018-09-10,0.0,0.0,0.0,0.0,0.0
GSE103119,USA,2017-08-25,0.0,0.9941860465116279,0.0,0.2403075746892045,4.217051760735716
GSE111678,DEU,2018-03-12,0.0,0.0,0.0,0.0,0.0
GSE109514,USA,2018-01-23,0.0,0.0,0.0,0.0,0.0
GSE45712,ITA,2013-04-02,0.0,0.0,0.0,0.0,0.0
GSE108375,USA,2017-12-20,0.0,0.9936507936507937,0.0,0.5463839355338703,4.520987110137045
GSE107400,TWN,2017-11-27,0.0,0.0,0.0,0.0,0.0
GSE98550,GBR,2017-05-04,0.0,0.0,0.0,0.0,0.0
GSE92415,USA,2016-12-14,0.0,0.0,0.0,0.0,0.0
GSE117607,BEL,2018-07-24,0.0,0.0,0.0,0.0,0.0
GSE117606,BEL,2018-07-24,0.0,0.0,0.0,0.0,0.0
GSE106582,DEU,2017-11-06,0.0,0.0,0.0,0.0,0.0
GSE87473,USA,2016-09-29,0.0,0.0,0.0,0.0,0.0
GSE87466,USA,2016-09-29,0.0,0.0,0.0,0.0,0.0
GSE107990,SGP,2017-12-12,0.0,0.0,0.0,0.0,0.0
GSE119269,JPN,2018-08-30,0.0,0.0,0.0,0.0,0.0
GSE119267,JPN,2018-08-30,0.0,0.0,0.0,0.0,0.0
GSE118587,USA,2018-08-15,0.0,0.0,0.0,0.0,0.0
GSE112660,USA,2018-04-04,0.0,0.0,0.0,0.0,0.0
GSE115458,DEU,2018-06-07,0.0,0.0,0.0,0.0,0.0
GSE122231,USA,2018-11-06,0.0,0.0,0.0,0.0,0.0
GSE121393,DEU,2018-10-15,0.0,0.0,0.0,0.0,0.0
GSE121723,DEU,2018-10-24,0.0,0.0,0.0,0.0,0.0
GSE119291,USA,2018-08-30,0.0,0.0,0.0,0.0,0.0
GSE119289,USA,2018-08-30,0.0,0.0,0.0,0.0,0.0
GSE119288,USA,2018-08-30,0.0,0.0,0.0,0.0,0.0
GSE119287,USA,2018-08-30,0.0,0.0,0.0,0.0,0.0
GSE119286,USA,2018-08-30,0.0,0.0,0.0,0.0,0.0
GSE119285,USA,2018-08-30,0.0,0.0,0.0,0.0,0.0
GSE119284,USA,2018-08-30,0.0,0.0,0.0,0.0,0.0
GSE119283,USA,2018-08-30,0.0,0.0,0.0,0.0,0.0
GSE119282,USA,2018-08-30,0.0,0.0,0.0,0.0,0.0
GSE119281,USA,2018-08-30,0.0,0.0,0.0,0.0,0.0
GSE119280,USA,2018-08-30,0.0,0.0,0.0,0.0,0.0
GSE119279,USA,2018-08-30,0.0,0.0,0.0,0.0,0.0
GSE119278,USA,2018-08-30,0.0,0.0,0.0,0.0,0.0
GSE119277,USA,2018-08-30,0.0,0.0,0.0,0.0,0.0
GSE119276,USA,2018-08-30,0.0,0.0,0.0,0.0,0.0
GSE119275,USA,2018-08-30,0.0,0.0,0.0,0.0,0.0
GSE120572,DEU,2018-09-27,0.0,0.0,0.0,0.0,0.0
GSE120568,DEU,2018-09-27,0.0,0.0,0.0,0.0,0.0
GSE120559,DEU,2018-09-27,0.0,0.0,0.0,0.0,0.0
GSE99996,DEU,2017-06-13,0.0,0.0,0.0,0.0,0.0
GSE105777,GBR,2017-10-23,0.0,0.0,0.0,0.0,0.0
GSE121248,SGP,2018-10-15,0.0,0.0,0.0,0.0,0.0
GSE121239,ESP,2018-10-15,0.0,0.0,0.0,0.0,0.0
GSE116451,USA,2018-06-29,0.0,0.0,0.0,0.0,0.0
GSE116450,USA,2018-06-29,0.0,0.0,0.0,0.0,0.0
GSE116449,USA,2018-06-29,0.0,0.0,0.0,0.0,0.0
GSE116448,USA,2018-06-29,0.0,0.0,0.0,0.0,0.0
GSE116447,USA,2018-06-29,0.0,0.0,0.0,0.0,0.0
GSE116446,USA,2018-06-29,0.0,0.0,0.0,0.0,0.0
GSE116445,USA,2018-06-29,0.0,0.0,0.0,0.0,0.0
GSE116444,USA,2018-06-29,0.0,0.0,0.0,0.0,0.0
GSE116443,USA,2018-06-29,0.0,0.0,0.0,0.0,0.0
GSE116442,USA,2018-06-29,0.0,0.0,0.0,0.0,0.0
GSE116441,USA,2018-06-29,0.0,0.0,0.0,0.0,0.0
GSE116440,USA,2018-06-29,0.0,0.0,0.0,0.0,0.0
GSE116439,USA,2018-06-29,0.0,0.0,0.0,0.0,0.0
GSE116438,USA,2018-06-29,0.0,0.0,0.0,0.0,0.0
GSE116437,USA,2018-06-29,0.0,0.0,0.0,0.0,0.0
GSE116436,USA,2018-06-29,0.0,0.0,0.0,0.0,0.0
GSE120736,KOR,2018-10-02,0.0,0.0,0.0,0.0,0.0
GSE117853,USA,2018-07-30,0.0,0.0,0.0,0.0,0.0
GSE120129,USA,2018-09-18,0.0,0.0,0.0,0.0,0.0
GSE99802,USA,2017-06-08,0.0,0.0,0.0,0.0,0.0
GSE119958,USA,2018-09-14,0.0,0.0,0.0,0.0,0.0
GSE119616,CAN,2018-09-06,0.0,0.0,0.0,0.0,0.0
GSE87049,MEX,2016-09-01,0.0,0.0,0.0,0.0,0.0
GSE86945,MEX,2016-09-14,0.0,0.0,0.0,0.0,0.0
GSE86374,MEX,2016-09-01,0.0,0.0,0.0,0.0,0.0
GSE117056,USA,2018-07-12,0.0,0.0,0.0,0.0,0.0
GSE90696,USA,2016-11-06,0.0,0.0,0.0,0.0,0.0
GSE118985,USA,2018-08-23,0.0,0.0,0.0,0.0,0.0
GSE118657,CAN,2018-08-16,0.0,0.0,0.0,0.0,0.0
GSE109211,ESP,2018-01-15,0.0,0.0,0.0,0.0,0.0
GSE86948,MEX,2016-08-31,0.0,0.0,0.0,0.0,0.0
GSE73464,GBR,2015-09-25,0.0,0.0,0.0,0.0,0.0
GSE73463,GBR,2015-09-25,0.0,0.0,0.0,0.0,0.0
GSE73462,GBR,2015-09-25,0.0,0.0,0.0,0.0,0.0
GSE73461,GBR,2015-09-25,0.0,0.0,0.0,0.0,0.0
GSE104235,GBR,2017-09-25,0.0,0.0,0.0,0.0,0.0
GSE102008,USA,2017-07-28,0.0,0.0,0.0,0.0,0.0
GSE117525,NLD,2018-07-23,1.0,0.0,0.11533291511312582,0.0,3.2306658302262514
GSE107509,USA,2017-11-29,0.0,0.0,0.0,0.0,0.0
GSE107506,USA,2017-11-29,0.0,0.0,0.0,0.0,0.0
GSE107503,USA,2017-11-29,0.0,0.0,0.0,0.0,0.0
GSE102234,USA,2017-08-03,0.0,0.0,0.0,0.0,0.0
GSE93777,JPN,2017-01-06,0.0,0.0,0.0,0.0,0.0
GSE93776,JPN,2017-01-18,0.0,0.0,0.0,0.0,0.0
GSE93272,JPN,2017-01-06,0.0,0.0,0.0,0.0,0.0
GSE116918,GBR,2018-07-11,0.0,0.0,0.0,0.0,0.0
GSE85047,BEL,2016-08-01,0.0,0.0,0.0,0.0,0.0
GSE103746,SWE,2017-09-12,0.0,0.0,0.0,0.0,0.0
GSE103745,SWE,2017-09-12,0.0,0.0,0.0,0.0,0.0
GSE103744,SWE,2017-09-12,0.0,0.0,0.0,0.0,0.0
GSE93577,USA,2017-01-12,0.0,0.0,0.0,0.0,0.0
GSE97010,USA,2017-03-24,0.0,0.0,0.0,0.0,0.0
GSE114269,FRA,2018-05-08,0.0,0.0,0.0,0.0,0.0
GSE108134,USA,2017-12-15,0.0,0.0,0.0,0.0,0.0
GSE29604,USA,2011-05-27,0.0,0.0,0.0,0.0,0.0
GSE29587,USA,2011-05-27,0.0,0.0,0.0,0.0,0.0
GSE109455,USA,2018-01-19,0.0,0.0,0.0,0.0,0.0
GSE98780,GBR,2017-05-10,0.0,0.0,0.0,0.0,0.0
GSE98053,USA,2017-04-21,0.0,0.0,0.0,0.0,0.0
GSE114852,USA,2018-05-24,0.0,0.0,0.0,0.0,0.0
GSE108476,USA,2017-12-22,0.0,0.0,0.0,0.0,0.0
GSE108474,USA,2017-12-22,0.0,0.0,0.0,0.0,0.0
GSE107361,USA,2017-11-27,1.0,0.0,0.40859179271245427,0.0,3.8171835854249085
GSE114621,USA,2018-05-17,0.0,0.0,0.0,0.0,0.0
GSE108113,USA,2017-12-14,0.0,0.0,0.0,0.0,0.0
GSE108112,USA,2017-12-14,0.0,0.0,0.0,0.0,0.0
GSE108109,USA,2017-12-14,0.0,0.0,0.0,0.0,0.0
GSE107537,CAN,2017-11-30,0.0,0.0,0.0,0.0,0.0
GSE104645,JPN,2017-10-05,0.0,0.0,0.0,0.0,0.0
GSE98588,USA,2017-05-05,0.0,0.0,0.0,0.0,0.0
GSE84453,NLD,2016-07-15,0.0,0.0,0.0,0.0,0.0
GSE100648,GBR,2017-06-29,1.0,0.0,0.06600787616727244,0.0,3.132015752334545
GSE110313,USA,2018-02-07,0.0,0.0,0.0,0.0,0.0
GSE98582,USA,2017-05-04,0.0,0.0,0.0,0.0,0.0
GSE98566,USA,2017-05-04,0.0,0.0,0.0,0.0,0.0
GSE98565,USA,2017-05-04,0.0,0.0,0.0,0.0,0.0
GSE98564,USA,2017-05-04,0.0,0.0,0.0,0.0,0.0
GSE107170,USA,2014-02-18,0.0,0.0,0.0,0.0,0.0
GSE112681,NLD,2018-04-04,0.8719785138764548,0.0,0.1528396922819747,0.0,2.921614926193314
GSE112680,NLD,2018-04-04,0.6196808510638298,0.0,0.0,0.0,1.8590425531914891
GSE112676,NLD,2018-04-04,1.0,0.0,0.58326373453333,0.0,4.16652746906666
GSE80513,GBR,2016-04-21,0.0,0.0,0.0,0.0,0.0
GSE109710,BEL,2018-01-26,0.0,0.0,0.0,0.0,0.0
GSE107597,USA,2017-11-29,0.0,0.0,0.0,0.0,0.0
GSE107499,USA,2017-11-29,0.0,0.0,0.0,0.0,0.0
GSE111327,JPN,2016-11-16,0.0,0.0,0.0,0.0,0.0
GSE100134,USA,2017-06-08,0.0,0.0,0.0,0.0,0.0
GSE96986,ITA,2017-03-20,0.0,0.0,0.0,0.0,0.0
GSE84437,KOR,2016-07-14,0.0,0.0,0.0,0.0,0.0
GSE84433,KOR,2016-07-14,0.0,0.0,0.0,0.0,0.0
GSE107460,USA,2017-11-28,0.0,1.0,0.0,0.9325790676813567,4.932579067681357
GSE107437,USA,2017-11-28,0.0,1.0,0.0,0.9325790676813567,4.932579067681357
GSE102459,BEL,2017-08-09,0.0,0.0,0.0,0.0,0.0
GSE102249,CAN,2017-08-04,0.0,0.0,0.0,0.0,0.0
GSE111555,BRA,2018-03-08,0.0,0.0,0.0,0.0,0.0
GSE100927,FRA,2017-07-07,0.0,0.0,0.0,0.0,0.0
GSE111368,GBR,2018-03-02,0.0,0.0,0.0,0.0,0.0
GSE103176,ITA,2017-08-29,0.7692307692307693,0.0,0.7484488881988038,0.0,3.8045900840899156
GSE78737,ITA,2015-06-09,0.9626168224299065,0.0,7.464531228684734e-07,0.0,2.8878519601959654
GSE69715,ITA,2015-06-09,1.0,0.0,7.464531228684734e-07,0.0,3.0000014929062457
GSE111176,USA,2012-11-08,0.0,0.0,0.0,0.0,0.0
GSE108011,USA,2017-12-13,0.0,0.0,0.0,0.0,0.0
GSE94557,FRA,2017-02-06,0.0,0.0,0.0,0.0,0.0
GSE110617,USA,2018-02-14,0.0,0.0,0.0,0.0,0.0
GSE93261,FRA,2017-01-06,0.0,0.0,0.0,0.0,0.0
GSE94417,USA,2017-02-01,0.0,0.0,0.0,0.0,0.0
GSE100053,USA,2017-06-14,0.0,0.0,0.0,0.0,0.0
GSE97064,TWN,2017-03-27,0.0,0.0,0.0,0.0,0.0
GSE90623,USA,2016-11-29,0.0,0.0,0.0,0.0,0.0
GSE83285,USA,2016-05-26,0.0,0.0,0.0,0.0,0.0
GSE83215,USA,2016-06-10,0.0,0.0,0.0,0.0,0.0
GSE79196,ESP,2016-03-14,0.0,0.0,0.0,0.0,0.0
GSE110174,USA,2018-02-05,0.0,0.0,0.0,0.0,0.0
GSE110169,USA,2018-02-05,0.9794238683127572,0.0,0.008076905836973403,0.0,2.954425416612218
GSE110160,USA,2018-02-05,0.0,0.0,0.0,0.0,0.0
GSE110106,USA,2018-02-05,0.0,0.0,0.0,0.0,0.0
GSE109961,RUS,2018-01-31,0.0,0.0,0.0,0.0,0.0
GSE80154,USA,2016-04-11,0.0,0.0,0.0,0.0,0.0
GSE102079,JPN,2017-07-31,0.0,0.0,0.0,0.0,0.0
GSE65373,USA,2015-01-28,0.0,0.0,0.0,0.0,0.0
GSE102083,JPN,2017-07-31,0.0,0.0,0.0,0.0,0.0
GSE104954,USA,2017-10-13,0.0,0.0,0.0,0.0,0.0
GSE104948,USA,2017-10-13,0.0,0.0,0.0,0.0,0.0
GSE109450,USA,2017-11-17,0.0,0.0,0.0,0.0,0.0
GSE96528,NOR,2017-03-13,0.0,0.0,0.0,0.0,0.0
GSE85333,GBR,2016-08-08,1.0,0.0,0.9482770676849467,0.0,4.896554135369893
GSE103479,GBR,2017-09-05,0.0,0.0,0.0,0.0,0.0
GSE89377,KOR,2016-11-01,0.0,0.0,0.0,0.0,0.0
GSE86166,USA,2016-08-29,0.0,0.0,0.0,0.0,0.0
GSE18908,ESP,2009-09-08,0.0,0.0,0.0,0.0,0.0
GSE108363,GBR,2017-12-20,0.0,0.0,0.0,0.0,0.0
GSE108297,FRA,2017-12-19,0.0,0.0,0.0,0.0,0.0
GSE76896,CHE,2016-01-15,0.0,0.0,0.0,0.0,0.0
GSE76895,CHE,2016-01-15,0.0,0.0,0.0,0.0,0.0
GSE76894,CHE,2016-01-15,0.0,0.0,0.0,0.0,0.0
GSE87656,USA,2016-10-05,0.0,0.0,0.0,0.0,0.0
GSE100550,NLD,2017-06-26,0.0,0.0,0.0,0.0,0.0
GSE89455,JPN,2016-11-02,0.0,0.0,0.0,0.0,0.0
GSE63952,USA,2014-12-08,0.0,0.0,0.0,0.0,0.0
GSE107513,DEU,2017-11-27,0.0,0.0,0.0,0.0,0.0
GSE107397,DEU,2017-11-27,0.0,0.0,0.0,0.0,0.0
GSE87211,USA,2016-09-22,0.0,0.0,0.0,0.0,0.0
GSE95233,FRA,2017-02-22,0.0,0.0,0.0,0.0,0.0
GSE90784,SGP,2016-11-28,0.0,0.0,0.0,0.0,0.0
GSE107130,SGP,2017-11-20,0.0,0.0,0.0,0.0,0.0
GSE107015,USA,2017-11-16,0.0,0.9904306220095693,0.0,0.6418209676569359,4.603543455695213
GSE106977,ESP,2017-11-16,0.0,0.0,0.0,0.0,0.0
GSE103769,FIN,2017-09-12,0.0,0.0,0.0,0.0,0.0
GSE90627,CHN,2016-11-29,0.0,0.0,0.0,0.0,0.0
GSE90076,USA,2016-11-18,0.0,0.3333333333333333,0.0,0.9325790676813567,2.26591240101469
GSE90074,USA,2016-11-18,0.0,0.0,0.0,0.0,0.0
GSE105124,USA,2017-09-15,0.9968553459119497,0.0,0.4996072752241868,0.0,3.9897805881842228
GSE100665,GBR,2017-06-29,0.0,0.0,0.0,0.0,0.0
GSE104640,USA,2017-10-05,0.0,1.0,0.0,0.40076297757271573,4.4007629775727155
GSE104472,USA,2017-10-01,0.0,0.0,0.0,0.0,0.0
GSE89809,GBR,2016-11-14,1.0,0.0,0.598076205099444,0.0,4.196152410198888
GSE101114,TUR,2017-07-10,0.0,0.0,0.0,0.0,0.0
GSE73578,ITA,2015-09-29,1.0,0.0,0.34222037630186064,0.0,3.684440752603721
GSE89392,DEU,2016-11-01,0.0,0.0,0.0,0.0,0.0
GSE83503,FRA,2016-06-20,0.0,0.0,0.0,0.0,0.0
GSE103500,USA,2016-04-15,0.0,0.0,0.0,0.0,0.0
GSE80325,USA,2016-04-15,0.0,0.0,0.0,0.0,0.0
GSE103927,USA,2017-09-15,1.0,0.0,0.47027806759945434,0.0,3.940556135198909
GSE75214,BEL,2014-07-03,0.0,0.0,0.0,0.0,0.0
GSE97284,USA,2017-03-31,0.0,0.0,0.0,0.0,0.0
GSE61240,USA,2014-09-09,0.0,0.0,0.0,0.0,0.0
GSE84635,USA,2016-07-20,0.0,0.0,0.0,0.0,0.0
GSE84632,USA,2016-07-20,0.0,0.0,0.0,0.0,0.0
GSE103512,USA,2017-09-05,0.0,0.0,0.0,0.0,0.0
GSE83591,CAN,2016-06-21,0.0,0.0,0.0,0.0,0.0
GSE75313,USA,2015-11-23,0.0,0.0,0.0,0.0,0.0
GSE87455,SWE,2016-09-28,0.0,0.0,0.0,0.0,0.0
GSE93601,USA,2017-01-13,0.0,0.0,0.0,0.0,0.0
GSE76327,USA,2010-06-03,0.0,0.0,0.0,0.0,0.0
GSE76324,USA,2010-06-03,0.0,0.0,0.0,0.0,0.0
GSE63127,USA,2006-03-20,0.05217391304347826,0.0,0.028004411147890096,0.0,0.21253056142621496
GSE103091,FRA,2014-06-25,0.0,0.0,0.0,0.0,0.0
GSE18385,USA,2006-03-20,1.0,0.0,0.12421754448257372,0.0,3.2484350889651474
GSE102971,USA,2017-08-23,0.0,0.0,0.0,0.0,0.0
GSE85307,USA,2016-08-08,0.0,0.0,0.0,0.0,0.0
GSE85942,USA,2016-08-23,0.0,0.0,0.0,0.0,0.0
GSE53882,CHN,2014-01-14,0.0,0.0,0.0,0.0,0.0
GSE79396,USA,2016-03-18,0.0,1.0,0.0,0.4928158286473055,4.492815828647306
GSE72970,FRA,2015-09-12,0.0,0.0,0.0,0.0,0.0
GSE99340,USA,2017-05-25,0.0,0.0,0.0,0.0,0.0
GSE99339,USA,2017-05-26,0.0,0.0,0.0,0.0,0.0
GSE99325,USA,2017-05-25,0.0,0.0,0.0,0.0,0.0
GSE102484,TWN,2017-08-10,0.0,0.0,0.0,0.0,0.0
GSE73731,SGP,2015-11-05,0.0,0.0,0.0,0.0,0.0
GSE102287,USA,2017-07-26,0.0,0.5591836734693878,0.0,0.9325790676813567,3.1693137615589078
GSE102238,CHN,2017-08-03,0.0,0.0,0.0,0.0,0.0
GSE81986,SGP,2016-05-27,0.0,0.0,0.0,0.0,0.0
GSE81985,SGP,2016-05-27,0.0,0.0,0.0,0.0,0.0
GSE81983,SGP,2016-05-27,0.0,0.0,0.0,0.0,0.0
GSE81981,SGP,2016-05-27,0.0,0.0,0.0,0.0,0.0
GSE81980,SGP,2016-05-27,0.0,0.0,0.0,0.0,0.0
GSE102088,USA,2017-07-31,0.0,1.0,0.0,0.47697377939481084,4.476973779394811
GSE102006,NLD,2017-07-28,0.0,0.0,0.0,0.0,0.0
GSE94496,USA,2017-02-03,0.0,0.0,0.0,0.0,0.0
GSE94499,USA,2017-02-03,0.0,0.0,0.0,0.0,0.0
GSE93987,USA,2017-01-24,0.0,0.0,0.0,0.0,0.0
GSE64614,USA,2010-06-03,0.0,0.0,0.0,0.0,0.0
GSE83452,FRA,2016-06-16,0.0,0.0,0.0,0.0,0.0
GSE98320,CAN,2017-04-28,0.0,0.0,0.0,0.0,0.0
GSE100853,CAN,2017-07-06,0.0,0.0,0.0,0.0,0.0
GSE100833,USA,2017-07-05,0.9353523587652883,0.0,0.5813514389718268,0.0,3.9687599542395184
GSE100752,SGP,2017-07-03,0.0,0.0,0.0,0.0,0.0
GSE89749,SGP,2016-11-10,0.0,0.0,0.0,0.0,0.0
GSE81071,USA,2016-05-03,0.0,0.0,0.0,0.0,0.0
GSE77791,FRA,2016-02-10,0.8888888888888888,0.0,0.10483323528560329,0.0,2.8763331372378733
GSE99221,USA,2016-03-08,0.0,0.0,0.0,0.0,0.0
GSE85034,USA,2016-08-01,0.0,0.0,0.0,0.0,0.0
GSE77741,USA,2015-07-06,0.0,0.0,0.0,0.0,0.0
GSE70536,USA,2015-07-06,0.0,0.0,0.0,0.0,0.0
GSE80796,USA,2016-04-28,0.0,0.0,0.0,0.0,0.0
GSE76311,USA,2015-12-21,0.0,0.0,0.0,0.0,0.0
GSE76297,USA,2015-12-23,0.0,0.0,0.0,0.0,0.0
GSE82152,CHN,2016-06-02,0.0,0.0,0.0,0.0,0.0
GSE100431,USA,2017-06-15,0.0,0.0,0.0,0.0,0.0
GSE100430,USA,2017-06-23,0.0,0.0,0.0,0.0,0.0
GSE100383,USA,2017-06-22,0.0,0.0,0.0,0.0,0.0
GSE83393,BEL,2016-06-15,0.9863013698630136,0.0,0.7808391806377923,0.0,4.520582470864626
GSE84006,CHN,2016-07-05,0.0,0.0,0.0,0.0,0.0
GSE97964,GBR,2017-04-17,0.0,0.0,0.0,0.0,0.0
GSE76402,ITA,2015-12-29,0.0,0.0,0.0,0.0,0.0
GSE73255,ITA,2015-09-21,0.0,0.0,0.0,0.0,0.0
GSE85218,CAN,2016-08-04,0.0,0.0,0.0,0.0,0.0
GSE85217,CAN,2016-08-04,0.0,0.0,0.0,0.0,0.0
GSE81582,ESP,2016-05-18,0.0,0.0,0.0,0.0,0.0
GSE73129,USA,2015-09-17,0.0,0.3565217391304348,0.0,0.8196580044448555,2.2457449609665945
GSE90732,GBR,2016-12-01,0.0,0.0,0.0,0.0,0.0
GSE83892,GBR,2016-06-30,0.0,0.0,0.0,0.0,0.0
GSE81653,USA,2016-05-19,0.0,0.0,0.0,0.0,0.0
GSE58394,JPN,2014-06-11,0.0,0.0,0.0,0.0,0.0
GSE82173,NLD,2016-06-02,0.0,0.0,0.0,0.0,0.0
GSE82172,NLD,2016-06-02,0.0,0.0,0.0,0.0,0.0
GSE94601,SWE,2017-02-07,0.9937106918238994,0.0,0.7608356373457996,0.0,4.502803350163298
GSE83889,KOR,2016-06-29,0.0,0.0,0.0,0.0,0.0
GSE76427,SGP,2015-12-30,0.0,0.0,0.0,0.0,0.0
GSE87304,CAN,2017-01-26,0.0,0.0,0.0,0.0,0.0
GSE99039,ISR,2017-05-17,0.0,0.0,0.0,0.0,0.0
GSE98793,GBR,2017-05-11,0.0,0.0,0.0,0.0,0.0
GSE78150,CAN,2016-02-16,0.0,0.0,0.0,0.0,0.0
GSE78148,CAN,2016-02-22,0.0,0.0,0.0,0.0,0.0
GSE77968,CAN,2016-02-16,0.0,0.0,0.0,0.0,0.0
GSE98682,FRA,2017-05-08,0.0,0.0,0.0,0.0,0.0
GSE68469,TWN,2015-05-01,0.0,0.0,0.0,0.0,0.0
GSE68466,TWN,2015-05-01,0.0,0.0,0.0,0.0,0.0
GSE67185,USA,2015-03-23,0.0,0.0,0.0,0.0,0.0
GSE95611,CAN,2017-03-02,0.0,0.0,0.0,0.0,0.0
GSE85817,BRA,2016-08-17,0.0,0.0,0.0,0.0,0.0
GSE97743,VNM,2017-04-13,1.0,0.0,0.1445569473123618,0.0,3.2891138946247236
GSE97742,VNM,2017-04-13,1.0,0.0,0.1445569473123618,0.0,3.2891138946247236
GSE97741,VNM,2017-04-13,1.0,0.0,0.1445569473123618,0.0,3.2891138946247236
GSE93204,USA,2017-01-05,0.0,0.0,0.0,0.0,0.0
GSE87610,USA,2016-10-04,0.0,0.0,0.0,0.0,0.0
GSE97293,SWE,2017-03-29,0.0,0.0,0.0,0.0,0.0
GSE76925,USA,2016-01-15,1.0,0.026490066225165563,0.6510900737791112,0.9325790676813567,5.340719480140241
GSE85871,CHN,2016-08-19,0.0,0.0,0.0,0.0,0.0
GSE79547,ITA,2016-03-23,0.0,0.0,0.0,0.0,0.0
GSE79545,ITA,2016-03-23,0.0,0.0,0.0,0.0,0.0
GSE79533,JPN,2016-03-23,0.0,0.0,0.0,0.0,0.0
GSE95843,USA,2017-03-03,0.0,0.0,0.0,0.0,0.0
GSE93291,USA,2010-04-22,0.0,0.0,0.0,0.0,0.0
GSE89792,CAN,2016-11-13,0.0,0.0,0.0,0.0,0.0
GSE56960,CHE,2014-04-22,0.0,0.0,0.0,0.0,0.0
GSE94767,GBR,2017-02-10,0.0,0.0,0.0,0.0,0.0
GSE83586,SWE,2016-06-24,0.0,0.0,0.0,0.0,0.0
GSE70461,NOR,2015-07-01,0.0,0.0,0.0,0.0,0.0
GSE60371,ITA,2014-07-30,0.0,0.0,0.0,0.0,0.0
GSE60329,ITA,2014-08-12,0.0,0.0,0.0,0.0,0.0
GSE94524,NLD,2017-01-24,0.0,0.0,0.0,0.0,0.0
GSE94523,NLD,2017-02-06,0.0,0.0,0.0,0.0,0.0
GSE95676,USA,2017-03-03,0.0,0.0,0.0,0.0,0.0
GSE95675,USA,2017-03-03,0.0,0.0,0.0,0.0,0.0
GSE95674,USA,2017-03-03,0.0,0.0,0.0,0.0,0.0
GSE89292,USA,2016-10-28,0.0,0.0,0.0,0.0,0.0
GSE81002,NOR,2014-06-04,0.0,0.0,0.0,0.0,0.0
GSE80999,NOR,2014-06-04,0.0,0.0,0.0,0.0,0.0
GSE79021,USA,2016-03-08,0.0,0.0,0.0,0.0,0.0
GSE59743,USA,2014-07-24,0.0,0.0,0.0,0.0,0.0
GSE83148,USA,2016-06-09,0.0,0.0,0.0,0.0,0.0
GSE66006,DEU,2015-02-17,0.0,0.0,0.0,0.0,0.0
GSE66005,DEU,2015-02-17,0.0,0.0,0.0,0.0,0.0
GSE66004,DEU,2015-02-17,0.0,0.0,0.0,0.0,0.0
GSE78840,EST,2016-03-02,0.0,0.0,0.0,0.0,0.0
GSE87072,USA,2016-09-19,0.0,0.0,0.0,0.0,0.0
GSE39923,FRA,2012-08-07,0.0,0.0,0.0,0.0,0.0
GSE39299,DEU,2012-07-12,0.0,0.0,0.0,0.0,0.0
GSE89565,FRA,2016-11-04,0.0,0.0,0.0,0.0,0.0
GSE71187,CHN,2015-07-21,0.0,0.0,0.0,0.0,0.0
GSE71014,TWN,2015-07-16,0.0,0.0,0.0,0.0,0.0
GSE70880,CHN,2015-07-14,0.0,0.0,0.0,0.0,0.0
GSE69925,JPN,2015-06-16,0.0,0.0,0.0,0.0,0.0
GSE68801,USA,2015-05-12,0.0,0.0,0.0,0.0,0.0
GSE47755,FRA,2013-06-07,0.0,0.0,0.0,0.0,0.0
GSE34450,USA,2010-06-03,0.0,0.0,0.0,0.0,0.0
GSE17905,USA,2006-03-20,1.0,0.0,0.12810641469463846,0.0,3.256212829389277
GSE79378,USA,2016-03-18,0.0,0.0,0.0,0.0,0.0
GSE77962,NLD,2016-02-16,0.0,0.0,0.0,0.0,0.0
GSE94354,USA,2017-01-31,0.0,0.0,0.0,0.0,0.0
GSE94349,USA,2017-01-31,0.0,0.0,0.0,0.0,0.0
GSE94119,GBR,2017-01-26,0.0,0.0,0.0,0.0,0.0
GSE77540,ESP,2016-02-03,0.0,0.0,0.0,0.0,0.0
GSE87371,FRA,2016-09-26,0.0,0.0,0.0,0.0,0.0
GSE85570,NLD,2016-08-12,0.0,0.0,0.0,0.0,0.0
GSE87629,USA,2016-10-05,0.0,0.0,0.0,0.0,0.0
GSE83582,USA,2016-06-21,0.0,0.0,0.0,0.0,0.0
GSE93658,IRL,2017-01-16,0.0,0.0,0.0,0.0,0.0
GSE54219,NLD,2011-03-08,0.0,0.0,0.0,0.0,0.0
GSE27830,NLD,2011-03-08,0.0,0.0,0.0,0.0,0.0
GSE54129,CHN,2014-01-16,0.0,0.0,0.0,0.0,0.0
GSE93606,GBR,2017-01-13,0.0,0.0,0.0,0.0,0.0
GSE70353,USA,2015-06-28,0.0,0.0,0.0,0.0,0.0
GSE84043,CAN,2016-06-30,0.0,0.0,0.0,0.0,0.0
GSE86627,DEU,2016-09-09,0.0,0.0,0.0,0.0,0.0
GSE87411,USA,2016-09-27,0.0,0.0,0.0,0.0,0.0
GSE87491,USA,2016-09-29,0.0,0.0,0.0,0.0,0.0
GSE76885,USA,2016-01-14,0.0,0.0,0.0,0.0,0.0
GSE76262,GBR,2015-12-22,0.0,0.0,0.0,0.0,0.0
GSE74725,USA,2015-11-05,0.0,0.0,0.0,0.0,0.0
GSE59455,AUS,2014-07-16,0.0,0.0,0.0,0.0,0.0
GSE51244,USA,2012-10-12,0.0,0.0,0.0,0.0,0.0
GSE41568,USA,2012-10-12,0.0,0.0,0.0,0.0,0.0
GSE26942,USA,2011-01-27,0.0,0.0,0.0,0.0,0.0
GSE26901,USA,2011-01-27,0.0,0.0,0.0,0.0,0.0
GSE26899,USA,2011-01-27,0.0,0.0,0.0,0.0,0.0
GSE81692,USA,2016-05-20,0.0,0.0,0.0,0.0,0.0
GSE81690,USA,2016-05-20,0.0,0.0,0.0,0.0,0.0
GSE92781,USA,2016-12-22,0.0,0.0,0.0,0.0,0.0
GSE92708,USA,2016-12-21,0.0,0.0,0.0,0.0,0.0
GSE92689,USA,2016-12-21,0.0,0.0,0.0,0.0,0.0
GSE92538,USA,2016-12-19,0.0,1.0,0.0,0.756196473838767,4.7561964738387665
GSE70297,USA,2015-06-25,0.0,0.0,0.0,0.0,0.0
GSE64520,USA,2014-12-01,0.0,0.0,0.0,0.0,0.0
GSE89401,SWE,2016-11-01,0.0,0.0,0.0,0.0,0.0
GSE89399,SWE,2016-11-01,0.0,0.0,0.0,0.0,0.0
GSE67698,ITA,2015-11-20,0.0,0.0,0.0,0.0,0.0
GSE69683,USA,2015-06-09,0.0,0.9899598393574297,0.0,0.7490287210272207,4.708868078456939
GSE90953,USA,2016-12-06,0.0,0.0,0.0,0.0,0.0
GSE76009,CAN,2015-12-14,0.0,0.0,0.0,0.0,0.0
GSE76008,CAN,2015-12-15,0.0,0.0,0.0,0.0,0.0
GSE76004,CAN,2015-12-14,0.0,0.0,0.0,0.0,0.0
GSE90709,JPN,2016-10-17,0.0,0.0,0.0,0.0,0.0
GSE89194,USA,2016-10-17,0.0,1.0,0.0,0.7312849984336807,4.731284998433681
GSE75317,AUS,2015-11-23,0.0,0.0,0.0,0.0,0.0
GSE75315,AUS,2015-11-23,0.0,0.0,0.0,0.0,0.0
GSE85573,USA,2016-07-28,0.0,1.0,0.0,0.8968279974674838,4.896827997467484
GSE87650,GBR,2016-09-05,1.0,0.0,0.49749817705488486,0.0,3.9949963541097695
GSE86434,GBR,2016-09-05,1.0,0.0,0.2738535688904814,0.0,3.5477071377809626
GSE73638,GBR,2015-09-29,0.0,0.0,0.0,0.0,0.0
GSE83456,GBR,2016-06-16,0.0,0.0,0.0,0.0,0.0
GSE74553,USA,2015-10-30,0.0,0.0,0.0,0.0,0.0
GSE86216,USA,2016-08-30,0.0,0.0,0.0,0.0,0.0
GSE89253,USA,2016-10-27,0.0,0.0,0.0,0.0,0.0
GSE89252,USA,2016-10-27,0.0,0.0,0.0,0.0,0.0
GSE84152,USA,2016-07-07,0.0,0.0,0.0,0.0,0.0
GSE88887,USA,2016-10-18,0.0,0.9793388429752066,0.0,0.5089271598989261,4.426282531799752
GSE88886,USA,2016-10-18,0.0,1.0,0.0,0.5126977024579513,4.5126977024579515
GSE88885,USA,2016-10-18,0.0,1.0,0.0,0.5148843036509755,4.514884303650976
GSE88884,USA,2016-10-18,0.0,0.9642857142857143,0.0,0.5047924470602405,4.361935304203097
GSE86464,USA,2016-08-25,0.0,0.0,0.0,0.0,0.0
GSE88796,USA,2016-10-17,0.0,0.0,0.0,0.0,0.0
GSE88770,BEL,2016-10-14,0.0,0.0,0.0,0.0,0.0
GSE87801,USA,2016-10-11,0.0,0.0,0.0,0.0,0.0
GSE75285,USA,2015-11-20,1.0,0.93,0.8413500398655382,0.3540904179139495,8.756790497645026
GSE84799,USA,2016-07-25,0.0,0.0,0.0,0.0,0.0
GSE73661,BEL,2015-10-01,0.0,0.0,0.0,0.0,0.0
GSE76227,GBR,2015-12-21,0.0,0.0,0.0,0.0,0.0
GSE74357,USA,2015-10-26,0.0,0.0,0.0,0.0,0.0
GSE72925,USA,2015-09-10,0.0,0.0,0.0,0.0,0.0
GSE79873,BEL,2016-04-04,0.0,0.0,0.0,0.0,0.0
GSE86566,USA,2016-09-07,0.0,0.0,0.0,0.0,0.0
GSE51082,USA,2013-09-23,0.0,0.0,0.0,0.0,0.0
GSE74777,USA,2015-11-06,0.0,0.0,0.0,0.0,0.0
GSE44430,USA,2013-02-20,0.0,0.0,0.0,0.0,0.0
GSE86332,USA,2016-09-01,0.0,0.0,0.0,0.0,0.0
GSE86574,USA,2016-09-08,0.0,0.0,0.0,0.0,0.0
GSE73518,DEU,2015-09-28,0.0,0.0,0.0,0.0,0.0
GSE73517,DEU,2015-09-28,0.0,0.0,0.0,0.0,0.0
GSE66245,ESP,2015-02-19,0.0,0.0,0.0,0.0,0.0
GSE64073,JPN,2014-12-11,0.0,0.0,0.0,0.0,0.0
GSE86411,USA,2016-09-02,0.0,0.0,0.0,0.0,0.0
GSE83702,USA,2016-06-24,0.0,0.0,0.0,0.0,0.0
GSE76340,NLD,2015-12-24,0.0,0.0,0.0,0.0,0.0
GSE72829,GBR,2015-09-08,0.0,0.0,0.0,0.0,0.0
GSE72810,GBR,2015-09-08,0.0,0.0,0.0,0.0,0.0
GSE72809,GBR,2015-09-08,0.0,0.0,0.0,0.0,0.0
GSE85135,USA,2016-07-11,0.0,0.0,0.0,0.0,0.0
GSE84263,USA,2016-07-11,0.0,0.0,0.0,0.0,0.0
GSE84044,CHN,2016-07-05,0.0,0.0,0.0,0.0,0.0
GSE84422,USA,2016-07-14,0.0,1.0,0.0,0.42706964323039465,4.427069643230395
GSE62165,BEL,2014-10-08,0.0,0.0,0.0,0.0,0.0
GSE72605,USA,2015-08-25,0.0,0.0,0.0,0.0,0.0
GSE72377,USA,2015-08-25,0.0,0.0,0.0,0.0,0.0
GSE72376,USA,2015-08-25,0.0,0.0,0.0,0.0,0.0
GSE85426,MYS,2016-08-10,0.0,0.0,0.0,0.0,0.0
GSE67784,USA,2015-04-12,0.0,0.0,0.0,0.0,0.0
GSE58559,GBR,2014-06-16,0.0,0.0,0.0,0.0,0.0
GSE85176,FRA,2016-08-03,0.0,0.0,0.0,0.0,0.0
GSE79269,USA,2016-03-15,0.0,0.9827586206896551,0.0,0.2294844869922427,4.160518969750863
GSE77164,USA,2016-01-25,0.0,0.0,0.0,0.0,0.0
GSE64456,USA,2014-12-23,0.0,0.9765100671140939,0.0,0.31410373885561255,4.220144007311989
GSE79092,USA,2016-03-10,0.0,0.0,0.0,0.0,0.0
GSE71222,JPN,2015-07-22,0.0,0.0,0.0,0.0,0.0
GSE78068,JPN,2016-02-18,0.0,0.0,0.0,0.0,0.0
GSE83951,GBR,2016-07-01,0.0,0.0,0.0,0.0,0.0
GSE57387,USA,2014-05-07,0.0,0.0,0.0,0.0,0.0
GSE66162,GBR,2015-02-20,0.0,0.0,0.0,0.0,0.0
GSE83864,USA,2016-06-29,0.0,0.0,0.0,0.0,0.0
GSE59248,USA,2014-07-09,0.0,0.0,0.0,0.0,0.0
GSE59246,USA,2014-07-09,0.0,0.0,0.0,0.0,0.0
GSE84010,USA,2016-07-05,0.0,0.0,0.0,0.0,0.0
GSE83632,FRA,2016-06-22,0.0,0.0,0.0,0.0,0.0
GSE82042,USA,2016-05-30,0.0,0.0,0.0,0.0,0.0
GSE82023,USA,2016-05-30,0.0,0.0,0.0,0.0,0.0
GSE70951,USA,2015-07-14,0.0,0.0,0.0,0.0,0.0
GSE70947,USA,2015-07-15,0.0,0.0,0.0,0.0,0.0
GSE70905,USA,2015-07-14,0.0,0.0,0.0,0.0,0.0
GSE63471,FRA,2014-11-19,0.0,0.0,0.0,0.0,0.0
GSE62452,USA,2014-10-17,0.0,0.0,0.0,0.0,0.0
GSE73685,USA,2015-10-02,0.0,0.0,0.0,0.0,0.0
GSE66258,USA,2015-02-24,0.0,0.0,0.0,0.0,0.0
GSE55857,USA,2014-03-13,0.0,0.0,0.0,0.0,0.0
GSE60924,JPN,2014-08-27,0.0,0.0,0.0,0.0,0.0
GSE83744,USA,2016-06-27,0.0,0.0,0.0,0.0,0.0
GSE72088,NLD,2014-04-25,0.0,0.0,0.0,0.0,0.0
GSE73072,USA,2015-09-15,0.0,0.0,0.0,0.0,0.0
GSE83294,USA,2016-06-13,0.0,0.0,0.0,0.0,0.0
GSE83232,USA,2016-06-10,0.0,0.0,0.0,0.0,0.0
GSE83227,USA,2016-06-10,0.0,0.0,0.0,0.0,0.0
GSE83130,USA,2016-06-08,0.0,0.0,0.0,0.0,0.0
GSE62486,GBR,2014-10-18,0.0,0.0,0.0,0.0,0.0
GSE71725,DEU,2015-05-11,0.0,0.0,0.0,0.0,0.0
GSE82191,USA,2016-06-02,0.0,0.0,0.0,0.0,0.0
GSE82221,USA,2016-05-19,0.0,0.0,0.0,0.0,0.0
GSE77859,USA,2016-02-11,0.0,0.0,0.0,0.0,0.0
GSE75540,IND,2015-12-01,0.0,0.0,0.0,0.0,0.0
GSE75037,USA,2015-11-16,0.0,0.9879518072289156,0.0,0.5378917214039759,4.489698950319639
GSE59491,CAN,2014-07-16,0.0,0.0,0.0,0.0,0.0
GSE56816,USA,2014-04-15,0.0,0.0,0.0,0.0,0.0
GSE69000,ITA,2015-05-14,0.0,0.0,0.0,0.0,0.0
GSE68891,ITA,2015-05-14,0.0,0.0,0.0,0.0,0.0
GSE72624,USA,2015-09-02,0.0,0.0,0.0,0.0,0.0
GSE81934,USA,2016-05-26,0.0,0.0,0.0,0.0,0.0
GSE67684,SGP,2015-04-08,0.0,0.0,0.0,0.0,0.0
GSE77344,CAN,2016-01-28,1.0,0.0,0.2728922546147641,0.0,3.545784509229528
GSE77343,CAN,2016-01-28,1.0,0.0,0.023482590822288762,0.0,3.0469651816445777
GSE60690,USA,2014-08-22,0.0,0.0,0.0,0.0,0.0
GSE75511,USA,2015-11-30,0.0,0.0,0.0,0.0,0.0
GSE77955,USA,2016-02-16,0.0,0.0,0.0,0.0,0.0
GSE79958,CAN,2016-05-02,0.0,0.0,0.0,0.0,0.0
GSE79957,CAN,2016-05-02,0.0,0.0,0.0,0.0,0.0
GSE79956,CAN,2016-05-02,0.0,0.0,0.0,0.0,0.0
GSE75010,CAN,2015-11-13,0.0,0.0,0.0,0.0,0.0
GSE72430,USA,2015-08-27,0.0,0.0,0.0,0.0,0.0
GSE77087,USA,2016-01-21,0.0,0.9807692307692307,0.0,0.38437817906178073,4.307455102138704
GSE72291,USA,2015-08-24,0.0,0.0,0.0,0.0,0.0
GSE81184,USA,2015-03-27,0.0,0.0,0.0,0.0,0.0
GSE80058,USA,2016-04-08,0.0,0.0,0.0,0.0,0.0
GSE81067,CAN,2016-05-03,0.0,0.0,0.0,0.0,0.0
GSE80013,USA,2016-04-07,0.0,0.0,0.0,0.0,0.0
GSE73162,USA,2015-09-17,0.0,0.0,0.0,0.0,0.0
GSE72874,AUS,2015-09-09,0.0,0.0,0.0,0.0,0.0
GSE64041,CHE,2016-02-02,0.0,0.0,0.0,0.0,0.0
GSE79171,USA,2016-03-10,0.0,0.0,0.0,0.0,0.0
GSE46539,TWN,2013-05-01,0.0,0.0,0.0,0.0,0.0
GSE80060,CHE,2016-04-08,0.0,0.0,0.0,0.0,0.0
GSE68204,ITA,2015-04-23,0.0,0.0,0.0,0.0,0.0
GSE66664,DEU,2015-03-09,0.0,0.0,0.0,0.0,0.0
GSE56768,USA,2014-04-14,0.0,0.0,0.0,0.0,0.0
GSE56767,USA,2014-04-14,0.0,0.0,0.0,0.0,0.0
GSE56766,USA,2014-04-14,0.0,0.0,0.0,0.0,0.0
GSE68004,USA,2015-04-17,0.0,0.7716049382716049,0.0,0.35935646286061534,3.445776215947035
GSE65391,USA,2015-01-28,0.0,0.0,0.0,0.0,0.0
GSE75034,NOR,2011-02-23,0.0,0.0,0.0,0.0,0.0
GSE73237,GBR,2015-09-20,0.0,0.0,0.0,0.0,0.0
GSE73235,GBR,2015-09-20,0.0,0.0,0.0,0.0,0.0
GSE72723,NOR,2011-02-23,0.0,0.0,0.0,0.0,0.0
GSE77634,USA,2016-01-28,0.0,0.0,0.0,0.0,0.0
GSE69850,USA,2015-06-12,0.0,0.0,0.0,0.0,0.0
GSE69849,USA,2015-06-12,0.0,0.0,0.0,0.0,0.0
GSE69845,USA,2015-06-12,0.0,0.0,0.0,0.0,0.0
GSE69844,USA,2015-06-12,0.0,0.0,0.0,0.0,0.0
GSE69851,USA,2015-06-12,0.0,0.0,0.0,0.0,0.0
GSE45827,FRA,2013-04-05,0.0,0.0,0.0,0.0,0.0
GSE79372,NLD,2016-03-18,0.1717171717171717,0.0,0.4756292741092194,0.0,1.466410063369954
GSE67061,CHN,2015-03-19,0.0,0.0,0.0,0.0,0.0
GSE74143,USA,2015-10-19,0.0,0.0,0.0,0.0,0.0
GSE67255,USA,2015-03-25,0.0,0.0,0.0,0.0,0.0
GSE72220,USA,2015-08-20,0.0,0.0,0.0,0.0,0.0
GSE78958,USA,2016-03-07,0.0,0.0,0.0,0.0,0.0
GSE71121,FRA,2015-07-20,0.0,0.0,0.0,0.0,0.0
GSE71118,FRA,2015-07-20,0.0,0.0,0.0,0.0,0.0
GSE78806,USA,2016-03-01,0.0,0.0,0.0,0.0,0.0
GSE77659,USA,2010-06-03,0.0,0.0,0.0,0.0,0.0
GSE77658,USA,2010-06-03,0.0,0.0,0.0,0.0,0.0
GSE74681,USA,2015-11-04,0.0,0.0,0.0,0.0,0.0
GSE77350,AUS,2016-01-28,0.0,0.0,0.0,0.0,0.0
GSE78132,DEU,2016-02-19,0.0,0.0,0.0,0.0,0.0
GSE66418,FRA,2015-03-02,0.0,0.0,0.0,0.0,0.0
GSE73482,AUS,2015-09-28,0.0,0.0,0.0,0.0,0.0
GSE73038,DEU,2015-09-15,0.0,0.0,0.0,0.0,0.0
GSE78193,USA,2016-02-23,0.0,0.0,0.0,0.0,0.0
GSE66722,USA,2015-03-10,0.0,0.0,0.0,0.0,0.0
GSE62044,SGP,2014-10-02,0.0,0.0,0.0,0.0,0.0
GSE62043,SGP,2014-10-03,0.0,0.0,0.0,0.0,0.0
GSE77930,USA,2015-02-23,0.0,0.0,0.0,0.0,0.0
GSE70784,USA,2015-07-10,0.0,0.0,0.0,0.0,0.0
GSE70774,USA,2015-07-10,0.0,0.0,0.0,0.0,0.0
GSE35936,GBR,2012-02-16,0.0,0.0,0.0,0.0,0.0
GSE77803,DNK,2016-02-10,0.0,0.0,0.0,0.0,0.0
GSE76360,USA,2015-12-28,0.0,0.0,0.0,0.0,0.0
GSE54331,BEL,2014-01-23,0.0,0.0,0.0,0.0,0.0
GSE54329,BEL,2014-01-23,0.0,0.0,0.0,0.0,0.0
GSE65095,BEL,2015-01-20,0.0,0.0,0.0,0.0,0.0
GSE55917,CAN,2014-03-11,0.0,0.0,0.0,0.0,0.0
GSE67311,USA,2015-03-26,0.0,0.0,0.0,0.0,0.0
GSE66214,USA,2015-02-23,0.0,0.0,0.0,0.0,0.0
GSE74975,USA,2015-11-13,0.0,0.0,0.0,0.0,0.0
GSE65221,USA,2015-01-22,0.0,0.0,0.0,0.0,0.0
GSE71181,ITA,2015-07-21,0.0,0.0,0.0,0.0,0.0
GSE63990,USA,2014-12-09,0.0,0.0,0.0,0.0,0.0
GSE59630,USA,2014-07-21,1.0,0.0,0.5787144591257811,0.0,4.157428918251562
GSE72951,NLD,2015-09-11,0.0,0.0,0.0,0.0,0.0
GSE76882,USA,2016-01-14,0.0,0.0,0.0,0.0,0.0
GSE76886,USA,2013-03-22,0.0,0.0,0.0,0.0,0.0
GSE67059,USA,2015-03-19,0.17218543046357615,1.0,0.04581891964799123,0.4801988498793408,5.088392980566051
GSE76809,USA,2007-10-10,0.0,0.0,0.0,0.0,0.0
GSE76705,USA,2016-01-11,0.0,0.0,0.0,0.0,0.0
GSE69207,SGP,2015-05-26,0.0,0.0,0.0,0.0,0.0
GSE65834,USA,2015-02-10,0.0,0.0,0.0,0.0,0.0
GSE76551,USA,2016-01-05,0.0,0.0,0.0,0.0,0.0
GSE66760,JPN,2015-03-10,0.0,0.0,0.0,0.0,0.0
GSE74816,BRA,2015-11-09,0.0,0.0,0.0,0.0,0.0
GSE68057,NLD,2015-04-20,0.0,0.0,0.0,0.0,0.0
GSE76250,CHN,2015-12-22,0.0,0.0,0.0,0.0,0.0
GSE63270,USA,2014-11-13,0.0,0.0,0.0,0.0,0.0
GSE12805,USA,2008-08-21,0.0,0.0,0.0,0.0,0.0
GSE73439,USA,2015-09-25,0.0,0.0,0.0,0.0,0.0
GSE71620,USA,2015-07-31,1.0,1.0,0.007916832365756687,0.6062634087461196,7.622097073477633
GSE70617,BEL,2015-07-07,0.0,0.0,0.0,0.0,0.0
GSE69029,ITA,2015-05-14,0.0,0.0,0.0,0.0,0.0
GSE68871,ITA,2015-05-14,0.0,0.0,0.0,0.0,0.0
GSE66795,GBR,2015-03-11,0.0,0.0,0.0,0.0,0.0
GSE61578,USA,2014-09-19,0.0,0.0,0.0,0.0,0.0
GSE35570,POL,2012-02-06,0.0,0.0,0.0,0.0,0.0
GSE27211,IRL,2011-02-05,0.0,0.0,0.0,0.0,0.0
GSE27210,IRL,2011-02-09,0.0,0.0,0.0,0.0,0.0
GSE76275,USA,2015-12-17,0.0,0.9849056603773585,0.0,0.8704941152888743,4.810116756798308
GSE68896,USA,2015-05-14,0.0,0.0,0.0,0.0,0.0
GSE71766,USA,2015-08-05,0.0,0.0,0.0,0.0,0.0
GSE76124,USA,2015-12-17,0.0,0.9797979797979798,0.0,0.8490524049265221,4.768244324118442
GSE74685,USA,2015-02-23,0.0,0.0,0.0,0.0,0.0
GSE76040,USA,2015-12-15,0.0,0.0,0.0,0.0,0.0
GSE74817,BRA,2015-11-09,0.0,0.0,0.0,0.0,0.0
GSE74813,BRA,2015-11-09,0.0,0.0,0.0,0.0,0.0
GSE71258,USA,2015-07-23,0.0,0.0,0.0,0.0,0.0
GSE70323,ITA,2015-06-24,0.0,0.0,0.0,0.0,0.0
GSE75685,MEX,2015-12-03,0.0,0.0,0.0,0.0,0.0
GSE67663,USA,2015-04-08,0.0,0.0,0.0,0.0,0.0
GSE61725,AUS,2014-09-24,0.0,0.0,0.0,0.0,0.0
GSE50006,USA,2013-08-19,0.0,0.0,0.0,0.0,0.0
GSE70603,DEU,2015-07-07,0.0,0.0,0.0,0.0,0.0
GSE73810,USA,2015-10-05,0.0,0.0,0.0,0.0,0.0
GSE75324,USA,2015-11-23,0.0,0.0,0.0,0.0,0.0
GSE73408,USA,2015-09-24,0.0,1.0,0.0,0.4380425338292632,4.438042533829263
GSE65403,USA,2015-01-28,0.0,0.0,0.0,0.0,0.0
GSE48000,USA,2013-06-17,0.0,0.0,0.0,0.0,0.0
GSE64258,JPN,2014-12-16,0.0,0.0,0.0,0.0,0.0
GSE64256,JPN,2014-12-16,0.0,0.0,0.0,0.0,0.0
GSE68526,USA,2015-05-04,0.0,0.0,0.0,0.0,0.0
GSE66863,NOR,2015-03-13,0.0,0.0,0.0,0.0,0.0
GSE67180,DEU,2015-03-23,0.0,0.0,0.0,0.0,0.0
GSE60680,SWE,2014-08-22,0.0,0.0,0.0,0.0,0.0
GSE74786,USA,2015-09-16,0.0,0.9714285714285714,0.0,0.43742982305338607,4.323144108767671
GSE71957,EST,2015-08-11,0.0,0.0,0.0,0.0,0.0
GSE60980,NOR,2014-09-02,0.0,0.0,0.0,0.0,0.0
GSE64930,DEU,2015-01-13,0.0,0.0,0.0,0.0,0.0
GSE59734,USA,2014-07-24,0.0,0.0,0.0,0.0,0.0
GSE65205,USA,2015-01-21,0.0,0.0,0.0,0.0,0.0
GSE42099,JPN,2012-11-07,0.0,0.0,0.0,0.0,0.0
GSE67940,USA,2015-04-15,0.0,0.0,0.0,0.0,0.0
GSE74224,USA,2015-10-21,0.0,0.0,0.0,0.0,0.0
GSE41862,USA,2012-10-26,0.0,0.0,0.0,0.0,0.0
GSE41861,USA,2012-10-26,1.0,0.0,0.8618475799786243,0.0,4.7236951599572485
GSE72923,USA,2015-10-20,0.0,0.0,0.0,0.0,0.0
GSE72094,USA,2015-08-14,0.0,0.9389140271493213,0.0,0.8433306128823872,4.5989867214796725
GSE47862,USA,2013-06-11,0.0,0.0,0.0,0.0,0.0
GSE47861,USA,2013-06-11,0.0,0.0,0.0,0.0,0.0
GSE47860,USA,2013-06-11,0.0,0.0,0.0,0.0,0.0
GSE41767,JPN,2012-10-23,0.0,0.0,0.0,0.0,0.0
GSE41670,USA,2012-10-17,0.0,0.0,0.0,0.0,0.0
GSE66399,ITA,2015-02-25,0.0,0.0,0.0,0.0,0.0
GSE58411,GBR,2014-06-11,0.0,0.0,0.0,0.0,0.0
GSE73614,USA,2015-09-30,0.0,0.0,0.0,0.0,0.0
GSE68049,USA,2015-04-20,0.0,0.0,0.0,0.0,0.0
GSE64176,USA,2014-12-15,0.0,0.0,0.0,0.0,0.0
GSE62743,USA,2014-10-27,0.0,0.0,0.0,0.0,0.0
GSE37025,USA,2015-04-16,0.0,0.0,0.0,0.0,0.0
GSE16881,BEL,2009-06-29,0.0,0.0,0.0,0.0,0.0
GSE69053,GBR,2015-05-19,0.0,0.0,0.0,0.0,0.0
GSE69051,GBR,2015-05-19,0.0,0.0,0.0,0.0,0.0
GSE73378,NLD,2015-09-23,0.0,0.0,0.0,0.0,0.0
GSE73174,DEU,2015-09-16,0.0,0.0,0.0,0.0,0.0
GSE71010,USA,2015-07-16,0.0,0.0,0.0,0.0,0.0
GSE63063,GBR,2014-11-06,0.0,0.0,0.0,0.0,0.0
GSE63061,GBR,2014-11-06,0.0,0.0,0.0,0.0,0.0
GSE63060,GBR,2014-11-06,0.0,0.0,0.0,0.0,0.0
GSE62144,BEL,2014-10-07,0.0,0.0,0.0,0.0,0.0
GSE60438,AUS,2014-08-15,0.992,0.0,0.7960801105981586,0.0,4.568160221196317
GSE48264,GBR,2013-06-25,0.0,0.0,0.0,0.0,0.0
GSE47969,GBR,2013-06-14,0.0,0.0,0.0,0.0,0.0
GSE70494,USA,2015-07-01,0.0,0.0,0.0,0.0,0.0
GSE21891,USA,2010-05-18,0.0,0.0,0.0,0.0,0.0
GSE69524,USA,2015-05-05,0.0,0.0,0.0,0.0,0.0
GSE49481,DNK,2012-08-14,0.0,0.0,0.0,0.0,0.0
GSE59829,ITA,2014-07-28,0.0,0.0,0.0,0.0,0.0
GSE71571,USA,2015-07-30,0.0,0.0,0.0,0.0,0.0
GSE73089,USA,2015-09-16,0.0,0.9666666666666667,0.0,0.45494012737836664,4.321606794045033
GSE68453,USA,2015-04-30,0.0,0.0,0.0,0.0,0.0
GSE65186,USA,2015-01-22,0.0,0.0,0.0,0.0,0.0
GSE68339,NOR,2015-04-28,0.0,0.0,0.0,0.0,0.0
GSE60244,USA,2014-08-08,0.0,1.0,0.0,0.5085894201843778,4.508589420184378
GSE55849,USA,2014-03-12,0.0,0.0,0.0,0.0,0.0
GSE71729,USA,2015-08-04,0.0,0.0,0.0,0.0,0.0
GSE59216,USA,2014-07-08,1.0,0.0,0.42599701143697377,0.0,3.8519940228739475
GSE70478,DEU,2015-07-01,0.0,0.0,0.0,0.0,0.0
GSE72219,SWE,2015-08-19,0.0,0.0,0.0,0.0,0.0
GSE55278,USA,2014-02-22,0.0,0.0,0.0,0.0,0.0
GSE55277,USA,2014-02-22,0.0,0.0,0.0,0.0,0.0
GSE55276,USA,2014-02-22,0.0,0.0,0.0,0.0,0.0
GSE31162,USA,2011-08-02,0.0,0.0,0.0,0.0,0.0
GSE31161,USA,2011-08-02,0.0,0.0,0.0,0.0,0.0
GSE70044,SGP,2015-06-19,0.0,0.0,0.0,0.0,0.0
GSE70770,GBR,2015-07-10,0.0,0.0,0.0,0.0,0.0
GSE70768,GBR,2015-07-10,0.0,0.0,0.0,0.0,0.0
GSE64333,USA,2014-12-18,0.0,0.0,0.0,0.0,0.0
GSE71220,CAN,2015-07-22,1.0,0.0,0.18094017285879227,0.0,3.3618803457175845
GSE66166,CAN,2015-02-20,0.0,0.0,0.0,0.0,0.0
GSE67936,AUS,2015-04-15,0.0,0.0,0.0,0.0,0.0
GSE66298,USA,2015-02-25,0.0,0.0,0.0,0.0,0.0
GSE60408,USA,2014-08-13,0.0,0.0,0.0,0.0,0.0
GSE48091,SWE,2013-06-19,0.0,0.0,0.0,0.0,0.0
GSE69686,USA,2015-06-09,0.0,0.0,0.0,0.0,0.0
GSE65682,NLD,2015-02-05,0.0,0.0,0.0,0.0,0.0
GSE66293,ITA,2015-02-25,0.0,0.0,0.0,0.0,0.0
GSE66291,ITA,2015-02-25,0.0,0.0,0.0,0.0,0.0
GSE63514,USA,2014-11-20,0.0,0.0,0.0,0.0,0.0
GSE65907,DEU,2015-02-13,0.0,0.0,0.0,0.0,0.0
GSE65858,DEU,2015-02-11,0.0,0.0,0.0,0.0,0.0
GSE56409,GBR,2014-04-01,0.0,0.0,0.0,0.0,0.0
GSE59266,USA,2014-07-09,0.0,0.0,0.0,0.0,0.0
GSE59264,USA,2014-07-09,0.0,0.0,0.0,0.0,0.0
GSE69938,FIN,2015-06-16,0.0,0.0,0.0,0.0,0.0
GSE40788,USA,2012-09-11,0.0,0.0,0.0,0.0,0.0
GSE32603,USA,2011-10-04,0.0,0.0,0.0,0.0,0.0
GSE58331,USA,2014-06-09,0.0,0.0,0.0,0.0,0.0
GSE69528,USA,2015-06-03,0.0,0.0,0.0,0.0,0.0
GSE52904,MEX,2013-12-02,0.0,0.0,0.0,0.0,0.0
GSE69034,USA,2015-05-19,0.0,0.0,0.0,0.0,0.0
GSE59857,ITA,2014-07-29,0.0,0.0,0.0,0.0,0.0
GSE58445,USA,2014-06-13,0.0,0.0,0.0,0.0,0.0
GSE58144,NLD,2014-06-02,0.0,0.0,0.0,0.0,0.0
GSE57475,USA,2014-05-08,0.0,0.0,0.0,0.0,0.0
GSE54275,DNK,2012-08-14,0.0,0.0,0.0,0.0,0.0
GSE51529,ITA,2013-10-22,0.0,0.0,0.0,0.0,0.0
GSE51528,ITA,2013-10-22,0.0,0.0,0.0,0.0,0.0
GSE68182,USA,2015-04-23,0.0,0.0,0.0,0.0,0.0
GSE59071,BEL,2014-07-03,0.0,0.0,0.0,0.0,0.0
GSE58095,USA,2013-05-21,0.0,0.9607843137254902,0.0,0.28799078299105185,4.131128037893013
GSE65615,GBR,2015-02-17,0.0,0.0,0.0,0.0,0.0
GSE68527,ISR,2015-05-04,0.0,0.0,0.0,0.0,0.0
GSE46734,USA,2013-05-08,0.0,0.0,0.0,0.0,0.0
GSE64415,DEU,2014-12-22,0.0,0.0,0.0,0.0,0.0
GSE59867,POL,2014-07-29,0.0,0.0,0.0,0.0,0.0
GSE69031,USA,2015-05-19,0.0,0.0,0.0,0.0,0.0
GSE58812,FRA,2014-06-25,0.0,0.0,0.0,0.0,0.0
GSE57132,NLD,2014-04-25,0.0,0.0,0.0,0.0,0.0
GSE29429,USA,2011-05-20,0.0,0.5560344827586207,0.0,0.593821239533964,2.8179591705684466
GSE66499,USA,2015-03-04,0.0,0.0,0.0,0.0,0.0
GSE68956,USA,2015-05-15,0.0,0.0,0.0,0.0,0.0
GSE68950,USA,2015-05-15,0.0,0.0,0.0,0.0,0.0
GSE68928,USA,2015-05-15,0.0,0.0,0.0,0.0,0.0
GSE68907,USA,2015-05-14,0.0,0.0,0.0,0.0,0.0
GSE68892,USA,2015-05-14,0.0,0.0,0.0,0.0,0.0
GSE55447,USA,2014-02-27,0.0,0.0,0.0,0.0,0.0
GSE68850,USA,2015-05-13,0.0,0.0,0.0,0.0,0.0
GSE68848,USA,2015-05-13,0.0,0.0,0.0,0.0,0.0
GSE68833,USA,2015-05-13,0.0,0.0,0.0,0.0,0.0
GSE48278,USA,2013-06-25,1.0,0.0,0.9440482918240689,0.0,4.888096583648138
GSE45291,USA,2013-03-19,0.0,0.0,0.0,0.0,0.0
GSE68793,USA,2015-05-12,0.0,0.0,0.0,0.0,0.0
GSE68790,USA,2015-05-12,0.0,0.0,0.0,0.0,0.0
GSE68759,FIN,2015-05-11,0.0,0.0,0.0,0.0,0.0
GSE58697,FRA,2014-06-20,0.96875,0.0,0.2603472651469003,0.0,3.4269445302938006
GSE53232,NLD,2013-12-11,0.0,0.0,0.0,0.0,0.0
GSE68744,CAN,2015-05-11,0.0,0.0,0.0,0.0,0.0
GSE68735,USA,2015-05-11,0.0,0.0,0.0,0.0,0.0
GSE66099,USA,2015-02-23,0.0,0.0,0.0,0.0,0.0
GSE68661,USA,2015-05-07,0.0,0.0,0.0,0.0,0.0
GSE68606,USA,2015-05-06,0.0,0.0,0.0,0.0,0.0
GSE68600,USA,2015-05-06,1.0,0.0,0.0,0.0,3.0
GSE63605,USA,2014-11-21,0.0,0.0,0.0,0.0,0.0
GSE68555,USA,2015-05-05,0.0,0.0,0.0,0.0,0.0
GSE68468,USA,2015-05-01,0.0,0.0,0.0,0.0,0.0
GSE68465,USA,2015-05-01,0.0,0.6796536796536796,0.0,0.7925066022972256,3.5111213209119443
GSE61374,DEU,2014-09-12,0.0,0.0,0.0,0.0,0.0
GSE68387,CHE,2011-12-13,0.0,0.0,0.0,0.0,0.0
GSE68310,USA,2015-04-27,0.0,0.0,0.0,0.0,0.0
GSE68015,USA,2015-04-17,0.0,0.0,0.0,0.0,0.0
GSE66229,USA,2014-10-10,0.0,0.0,0.0,0.0,0.0
GSE62254,USA,2014-10-10,0.0,0.0,0.0,0.0,0.0
GSE62117,GBR,2014-10-07,0.0,0.0,0.0,0.0,0.0
GSE51175,CAN,2013-09-25,0.0,0.0,0.0,0.0,0.0
GSE53543,USA,2013-12-20,0.0,0.0,0.0,0.0,0.0
GSE56803,USA,2014-04-15,0.0,0.0,0.0,0.0,0.0
GSE63580,SWE,2014-11-21,0.0,0.0,0.0,0.0,0.0
GSE63552,SWE,2014-11-21,0.0,0.0,0.0,0.0,0.0
GSE43974,NLD,2013-01-31,0.0,0.0,0.0,0.0,0.0
GSE67472,USA,2015-03-31,0.0,0.0,0.0,0.0,0.0
GSE65904,SWE,2015-02-12,0.0,0.0,0.0,0.0,0.0
GSE59595,ITA,2014-07-18,0.0,0.0,0.0,0.0,0.0
GSE59590,ITA,2014-07-18,0.0,0.0,0.0,0.0,0.0
GSE56851,USA,2012-01-10,0.0,0.0,0.0,0.0,0.0
GSE34982,USA,2012-01-10,0.0,0.0,0.0,0.0,0.0
GSE55762,USA,2014-03-10,0.0,0.0,0.0,0.0,0.0
GSE52319,USA,2013-11-12,0.0,0.0,0.0,0.0,0.0
GSE45329,USA,2013-03-20,0.0,0.0,0.0,0.0,0.0
GSE66708,USA,2015-02-28,0.0,0.0,0.0,0.0,0.0
GSE66705,USA,2015-03-09,0.0,0.0,0.0,0.0,0.0
GSE66702,USA,2015-03-09,0.0,0.0,0.0,0.0,0.0
GSE42133,USA,2012-11-08,0.0,0.0,0.0,0.0,0.0
GSE52980,USA,2013-10-31,0.0,0.0,0.0,0.0,0.0
GSE64664,USA,2015-01-02,0.0,0.0,0.0,0.0,0.0
GSE63898,USA,2014-12-05,0.0,0.0,0.0,0.0,0.0
GSE40774,USA,2012-09-11,0.0,0.0,0.0,0.0,0.0
GSE56311,USA,2014-03-27,0.0,0.0,0.0,0.0,0.0
GSE66354,USA,2015-02-27,0.0,0.0,0.0,0.0,0.0
GSE64814,USA,2014-12-04,0.0,0.0,0.0,0.0,0.0
GSE57025,USA,2014-04-23,0.0,0.0,0.0,0.0,0.0
GSE56602,USA,2014-04-08,0.0,0.0,0.0,0.0,0.0
GSE66175,USA,2013-04-16,0.0,0.0,0.0,0.0,0.0
GSE49697,ITA,2013-08-09,0.0,0.0,0.0,0.0,0.0
GSE65575,USA,2015-02-03,0.0,0.0,0.0,0.0,0.0
GSE62950,USA,2014-11-04,0.0,0.0,0.0,0.0,0.0
GSE47592,GBR,2013-05-17,0.0,0.0,0.0,0.0,0.0
GSE58212,NOR,2014-06-04,0.0,0.0,0.0,0.0,0.0
GSE40736,USA,2012-09-04,0.0,0.0,0.0,0.0,0.0
GSE40732,USA,2012-09-10,0.0,0.0,0.0,0.0,0.0
GSE53922,JPN,2014-01-08,0.0,0.0,0.0,0.0,0.0
GSE58215,NOR,2014-06-04,0.0,0.0,0.0,0.0,0.0
GSE60491,USA,2014-08-18,0.0,0.0,0.0,0.0,0.0
GSE65270,CAN,2015-01-26,0.0,0.0,0.0,0.0,0.0
GSE59714,USA,2014-07-21,0.0,0.0,0.0,0.0,0.0
GSE59654,USA,2014-07-22,0.0,0.0,0.0,0.0,0.0
GSE56716,SWE,2014-04-10,0.0,0.0,0.0,0.0,0.0
GSE65216,FRA,2015-01-22,0.0,0.0,0.0,0.0,0.0
GSE65212,FRA,2015-01-22,0.0,0.0,0.0,0.0,0.0
GSE65194,FRA,2015-01-22,0.0,0.0,0.0,0.0,0.0
GSE65219,FIN,2012-08-24,0.0,0.0,0.0,0.0,0.0
GSE65218,FIN,2015-01-22,0.0,0.0,0.0,0.0,0.0
GSE62246,USA,2014-09-30,0.0,0.0,0.0,0.0,0.0
GSE58235,NLD,2014-06-04,0.0,0.0,0.0,0.0,0.0
GSE28654,ITA,2011-04-15,1.0,0.0,0.47027806759945434,0.0,3.940556135198909
GSE62376,USA,2014-10-14,0.0,0.0,0.0,0.0,0.0
GSE53963,USA,2014-01-09,0.0,0.0,0.0,0.0,0.0
GSE64711,USA,2015-01-06,1.0,0.0,0.04305234377649936,0.0,3.0861046875529987
GSE58831,GBR,2014-06-25,0.0,0.0,0.0,0.0,0.0
GSE53792,CHN,2014-01-03,0.0,0.0,0.0,0.0,0.0
GSE62627,USA,2014-10-22,0.0,0.0,0.0,0.0,0.0
GSE61635,USA,2014-09-22,0.0,0.0,0.0,0.0,0.0
GSE57345,USA,2014-05-06,0.0,0.0,0.0,0.0,0.0
GSE57338,USA,2014-05-06,0.0,0.0,0.0,0.0,0.0
GSE54629,FRA,2014-02-03,0.0,0.0,0.0,0.0,0.0
GSE60789,SWE,2014-08-26,0.0,0.0,0.0,0.0,0.0
GSE57715,SWE,2014-05-15,0.0,0.0,0.0,0.0,0.0
GSE51029,DEU,2013-09-20,0.0,0.0,0.0,0.0,0.0
GSE42334,USA,2012-11-08,0.0,0.0,0.0,0.0,0.0
GSE58133,ITA,2014-05-30,0.0,0.0,0.0,0.0,0.0
GSE55092,USA,2014-02-18,0.0,0.0,0.0,0.0,0.0
GSE53515,DNK,2013-12-19,0.0,0.0,0.0,0.0,0.0
GSE63058,CHE,2014-11-05,0.0,0.0,0.0,0.0,0.0
GSE56754,USA,2014-04-11,0.0,0.0,0.0,0.0,0.0
GSE57958,SGP,2014-05-24,0.0,0.0,0.0,0.0,0.0
GSE63885,POL,2014-12-05,0.0,0.0,0.0,0.0,0.0
GSE63881,SGP,2014-12-04,0.0,0.0,0.0,0.0,0.0
GSE63808,DEU,2014-12-15,0.0,0.0,0.0,0.0,0.0
GSE63741,DEU,2014-12-01,0.0,0.0,0.0,0.0,0.0
GSE62872,USA,2014-10-30,0.0,0.0,0.0,0.0,0.0
GSE61672,USA,2014-09-23,0.6153846153846154,0.0,0.16565703800339682,0.0,2.17746792216064
GSE59368,USA,2014-07-14,0.0,0.0,0.0,0.0,0.0
GSE59000,USA,2014-05-27,0.0,0.0,0.0,0.0,0.0
GSE58636,GBR,2014-06-18,0.0,0.0,0.0,0.0,0.0
GSE54497,GBR,2014-01-28,0.0,0.0,0.0,0.0,0.0
GSE52755,JPN,2013-11-26,0.0,0.0,0.0,0.0,0.0
GSE34865,GBR,2012-01-04,0.0,0.0,0.0,0.0,0.0
GSE63614,USA,2014-11-25,0.0,0.0,0.0,0.0,0.0
GSE56580,USA,2014-04-07,0.0,0.0,0.0,0.0,0.0
GSE56047,USA,2014-03-19,0.0,0.0,0.0,0.0,0.0
GSE56045,USA,2014-03-19,0.0,0.0,0.0,0.0,0.0
GSE46681,USA,2012-12-28,0.0,0.0,0.0,0.0,0.0
GSE62667,CAN,2014-10-30,0.0,0.0,0.0,0.0,0.0
GSE63142,USA,2014-11-10,0.0,0.0,0.0,0.0,0.0
GSE62116,CAN,2014-11-11,0.0,0.0,0.0,0.0,0.0
GSE63098,USA,2014-11-07,0.0,0.0,0.0,0.0,0.0
GSE63074,USA,2014-11-06,0.0,0.0,0.0,0.0,0.0
GSE57065,FRA,2014-04-24,0.0,0.0,0.0,0.0,0.0
GSE61260,USA,2014-09-09,0.0,0.0,0.0,0.0,0.0
GSE61256,USA,2014-09-09,0.0,0.0,0.0,0.0,0.0
GSE56493,SWE,2014-04-03,0.0,0.0,0.0,0.0,0.0
GSE42040,DEU,2012-11-02,0.0,0.0,0.0,0.0,0.0
GSE39791,USA,2012-07-31,0.0,0.0,0.0,0.0,0.0
GSE60886,CAN,2014-08-28,0.0,0.0,0.0,0.0,0.0
GSE33479,FRA,2011-11-04,0.0,0.0,0.0,0.0,0.0
GSE57405,USA,2014-05-07,1.0,0.0,0.2511333804449003,0.0,3.5022667608898006
GSE57386,USA,2014-05-07,1.0,0.0,0.31292091326648697,0.0,3.625841826532974
GSE57383,USA,2014-05-07,1.0,0.0,0.23976541827076292,0.0,3.479530836541526
GSE62006,BEL,2014-09-29,0.0,0.0,0.0,0.0,0.0
GSE57933,CAN,2014-05-23,0.0,0.0,0.0,0.0,0.0
GSE39148,USA,2012-07-05,0.0,0.0,0.0,0.0,0.0
GSE25742,USA,2010-12-01,0.0,1.0,0.0,0.9325790676813567,4.932579067681357
GSE60009,USA,2014-08-01,0.0,0.0,0.0,0.0,0.0
GSE62523,NLD,2014-10-20,0.0,0.0,0.0,0.0,0.0
GSE44722,USA,2013-02-27,0.0,0.0,0.0,0.0,0.0
GSE44721,USA,2013-02-27,0.0,0.0,0.0,0.0,0.0
GSE44720,USA,2013-02-27,0.0,0.0,0.0,0.0,0.0
GSE58613,USA,2014-06-18,0.0,0.0,0.0,0.0,0.0
GSE49710,CHN,2013-08-09,1.0,0.0,0.5383908441165837,0.0,4.076781688233167
GSE38832,USA,2012-06-20,0.0,0.0,0.0,0.0,0.0
GSE62322,FRA,2013-07-30,0.0,0.0,0.0,0.0,0.0
GSE4611,DEU,2006-04-05,0.0,0.0,0.0,0.0,0.0
GSE62199,DEU,2014-10-09,0.0,0.0,0.0,0.0,0.0
GSE58644,CHE,2014-06-18,0.0,0.0,0.0,0.0,0.0
GSE60645,SWE,2014-03-19,0.0,0.0,0.0,0.0,0.0
GSE60644,SWE,2014-08-22,0.0,0.0,0.0,0.0,0.0
GSE56931,USA,2014-04-21,0.0,0.0,0.0,0.0,0.0
GSE50832,USA,2013-09-12,0.0,0.0,0.0,0.0,0.0
GSE50831,USA,2013-09-12,0.0,0.0,0.0,0.0,0.0
GSE50830,USA,2013-09-12,0.0,0.0,0.0,0.0,0.0
GSE50811,USA,2013-09-12,0.0,0.0,0.0,0.0,0.0
GSE53482,ITA,2013-12-18,0.0,0.0,0.0,0.0,0.0
GSE51981,USA,2013-11-01,0.0,0.0,0.0,0.0,0.0
GSE40889,DEU,2012-09-14,0.0,0.0,0.0,0.0,0.0
GSE40888,DEU,2012-09-14,0.0,0.0,0.0,0.0,0.0
GSE61821,SGP,2014-09-26,0.0,0.0,0.0,0.0,0.0
GSE61804,DEU,2014-09-26,0.0,0.0,0.0,0.0,0.0
GSE53473,FIN,2013-12-18,0.0,0.0,0.0,0.0,0.0
GSE53471,FIN,2013-12-18,0.0,0.0,0.0,0.0,0.0
GSE51068,USA,2013-09-20,0.0,0.0,0.0,0.0,0.0
GSE33532,DEU,2011-11-17,0.0,0.0,0.0,0.0,0.0
GSE61279,EST,2014-09-09,0.0,0.0,0.0,0.0,0.0
GSE61276,EST,2014-09-12,0.0,0.0,0.0,0.0,0.0
GSE54002,SGP,2014-01-11,0.0,0.0,0.0,0.0,0.0
GSE61335,USA,2014-09-11,0.0,0.0,0.0,0.0,0.0
GSE58250,NZL,2014-06-05,0.0,0.0,0.0,0.0,0.0
GSE53031,BEL,2013-12-05,0.0,0.0,0.0,0.0,0.0
GSE58942,USA,2014-06-30,0.0,0.0,0.0,0.0,0.0
GSE48634,GBR,2013-07-09,0.0,0.0,0.0,0.0,0.0
GSE48990,BEL,2013-07-17,0.0,0.0,0.0,0.0,0.0
GSE60898,USA,2014-08-28,0.0,0.0,0.0,0.0,0.0
GSE60863,GBR,2014-08-27,0.0,0.0,0.0,0.0,0.0
GSE60862,GBR,2014-08-27,0.0,0.0,0.0,0.0,0.0
GSE60236,USA,2014-08-08,0.9746835443037974,0.0,0.47472913196850586,0.0,3.873508896848404
GSE60767,CZE,2014-08-26,0.0,0.0,0.0,0.0,0.0
GSE43767,CHN,2013-01-25,0.0,0.0,0.0,0.0,0.0
GSE54102,USA,2014-01-15,0.0,0.0,0.0,0.0,0.0
GSE54100,USA,2014-01-15,0.0,0.0,0.0,0.0,0.0
GSE25504,GBR,2010-11-19,0.0,0.0,0.0,0.0,0.0
GSE60190,USA,2014-08-07,1.0,1.0,0.04743627000667194,0.9325790676813567,8.027451607694701
GSE60083,GBR,2014-08-04,0.0,0.0,0.0,0.0,0.0
GSE54848,JPN,2014-02-10,0.0,0.0,0.0,0.0,0.0
GSE49896,CZE,2013-08-15,0.0,0.0,0.0,0.0,0.0
GSE29044,SAU,2011-05-04,0.0,0.0,0.0,0.0,0.0
GSE54188,USA,2014-01-17,0.0,0.0,0.0,0.0,0.0
GSE45436,TWN,2013-03-18,0.0,0.0,0.0,0.0,0.0
GSE33000,USA,2014-07-01,0.0,0.0,0.0,0.0,0.0
GSE58211,USA,2014-06-05,0.0,0.0,0.0,0.0,0.0
GSE47856,SGP,2013-06-11,0.0,0.0,0.0,0.0,0.0
GSE41119,USA,2010-06-11,0.0,0.0,0.0,0.0,0.0
GSE59787,USA,2013-03-22,0.0,0.0,0.0,0.0,0.0
GSE57612,DEU,2006-03-15,0.0,0.0,0.0,0.0,0.0
GSE57611,DEU,2006-03-15,0.0,0.0,0.0,0.0,0.0
GSE58970,USA,2014-06-27,0.0,1.0,0.0,0.5782230250820202,4.57822302508202
GSE50398,SWE,2013-08-27,0.0,0.0,0.0,0.0,0.0
GSE59446,CHN,2014-07-15,0.0,0.0,0.0,0.0,0.0
GSE59206,USA,2014-07-08,1.0,0.8181818181818182,0.04980225579784059,0.9325790676813567,7.304910852004311
GSE59198,DEU,2014-07-08,0.0,0.0,0.0,0.0,0.0
GSE55962,ESP,2014-03-17,0.0,0.0,0.0,0.0,0.0
GSE53081,USA,2013-11-21,0.0,0.8755980861244019,0.0,0.4419537855353728,3.9443461300329803
GSE49925,USA,2013-08-15,0.0,0.0,0.0,0.0,0.0
GSE43696,USA,2013-01-23,0.0,0.0,0.0,0.0,0.0
GSE35007,CAN,2012-01-11,1.0,0.0,0.9078205953644605,0.0,4.815641190728921
GSE50943,GBR,2013-09-17,0.0,0.0,0.0,0.0,0.0
GSE38958,USA,2012-06-27,0.0,0.0,0.0,0.0,0.0
GSE20716,GBR,2010-03-09,0.0,0.0,0.0,0.0,0.0
GSE53351,JPN,2013-12-16,0.0,0.0,0.0,0.0,0.0
GSE51855,JPN,2013-10-29,0.0,0.0,0.0,0.0,0.0
GSE45725,CAN,2013-04-03,0.0,0.0,0.0,0.0,0.0
GSE58558,USA,2014-06-16,0.0,0.0,0.0,0.0,0.0
GSE47792,CHN,2013-06-10,0.3399690333996903,0.0,0.3219386877276669,0.0,1.6637844756544047
GSE49577,GBR,2013-08-06,0.0,0.0,0.0,0.0,0.0
GSE58137,AUS,2014-06-02,0.0,0.0,0.0,0.0,0.0
GSE58401,KOR,2014-06-11,0.0,0.0,0.0,0.0,0.0
GSE58399,KOR,2014-06-11,0.0,0.0,0.0,0.0,0.0
GSE55440,USA,2014-02-27,0.0,0.0,0.0,0.0,0.0
GSE54646,USA,2014-02-04,0.0,0.0,0.0,0.0,0.0
GSE54644,USA,2014-02-04,0.0,0.0,0.0,0.0,0.0
GSE46923,USA,2013-05-14,0.0,0.0,0.0,0.0,0.0
GSE57595,USA,2014-05-12,0.7333333333333333,0.0,0.0014332622111059568,0.0,2.2028665244222116
GSE54837,GBR,2014-02-10,0.0,0.0,0.0,0.0,0.0
GSE31852,USA,2011-02-17,0.0,0.29838709677419356,0.0,0.6823215761842459,1.87586996328102
GSE58037,USA,2014-05-28,0.0,0.0,0.0,0.0,0.0
GSE55232,NLD,2014-02-20,0.0,0.0,0.0,0.0,0.0
GSE55231,NLD,2014-02-20,0.0,0.0,0.0,0.0,0.0
GSE54532,CAN,2014-01-30,0.0,0.0,0.0,0.0,0.0
GSE46510,CAN,2013-04-30,0.0,0.0,0.0,0.0,0.0
GSE41726,CAN,2012-10-19,0.0,0.0,0.0,0.0,0.0
GSE52724,USA,2013-11-25,0.0,0.0,0.0,0.0,0.0
GSE57542,USA,2013-12-06,0.044244322631166795,0.0,0.915408080199423,0.0,1.9635491282923463
GSE57343,USA,2014-05-06,0.0,0.0,0.0,0.0,0.0
GSE57341,USA,2014-05-06,0.0,0.0,0.0,0.0,0.0
GSE50496,USA,2013-08-30,0.0,0.0,0.0,0.0,0.0
GSE37924,LUX,2012-05-11,0.0,0.0,0.0,0.0,0.0
GSE44282,USA,2013-02-12,0.0,0.0,0.0,0.0,0.0
GSE57308,CHN,2014-05-05,0.0,0.0,0.0,0.0,0.0
GSE50827,AUS,2013-09-12,0.0,0.0,0.0,0.0,0.0
GSE56035,USA,2014-03-19,0.0,0.0,0.0,0.0,0.0
GSE56034,USA,2014-03-19,0.0,0.0,0.0,0.0,0.0
GSE56033,USA,2014-03-19,0.0,0.0,0.0,0.0,0.0
GSE48368,NOR,2013-06-27,0.0,0.0,0.0,0.0,0.0
GSE42606,USA,2012-11-29,0.0,0.0,0.0,0.0,0.0
GSE39941,GBR,2012-08-07,0.0,0.0,0.0,0.0,0.0
GSE39940,GBR,2012-08-07,0.0,0.0,0.0,0.0,0.0
GSE39939,GBR,2013-10-23,0.0,0.0,0.0,0.0,0.0
GSE37181,ITA,2012-04-11,0.0,0.0,0.0,0.0,0.0
GSE57083,GBR,2014-04-25,0.0,0.0,0.0,0.0,0.0
GSE50206,JPN,2013-08-26,0.0,0.0,0.0,0.0,0.0
GSE48350,USA,2008-06-25,0.0,0.0,0.0,0.0,0.0
GSE39491,USA,2012-07-19,0.0,0.0,0.0,0.0,0.0
GSE47353,USA,2013-05-24,0.0,0.0,0.0,0.0,0.0
GSE56396,USA,2014-04-01,0.0,0.0,0.0,0.0,0.0
GSE49280,FRA,2013-07-26,0.2345679012345679,0.0,0.2810368793747544,0.0,1.2657774624532125
GSE45874,USA,2013-04-08,0.0,0.0,0.0,0.0,0.0
GSE49454,USA,2013-08-01,0.0,1.0,0.0,0.7102457878060988,4.710245787806099
GSE29385,SGP,2011-05-18,0.0,0.0,0.0,0.0,0.0
GSE28988,SGP,2011-04-29,0.0,0.0,0.0,0.0,0.0
GSE28904,SGP,2011-04-28,0.0,0.0,0.0,0.0,0.0
GSE52005,USA,2013-11-01,0.0,0.7857142857142857,0.0,0.9325790676813567,4.075436210538499
GSE50025,CAN,2013-08-20,0.0,0.0,0.0,0.0,0.0
GSE53823,KOR,2014-04-01,0.0,0.0,0.0,0.0,0.0
GSE46261,ITA,2013-04-22,0.0,0.0,0.0,0.0,0.0
GSE49758,USA,2013-08-10,0.0,0.0,0.0,0.0,0.0
GSE44076,ESP,2013-02-05,0.0,0.0,0.0,0.0,0.0
GSE29536,USA,2011-05-25,0.0,0.0,0.0,0.0,0.0
GSE53625,CHN,2013-12-23,0.0,0.0,0.0,0.0,0.0
GSE53624,CHN,2013-12-23,0.0,0.0,0.0,0.0,0.0
GSE53622,CHN,2013-12-23,0.0,0.0,0.0,0.0,0.0
GSE55550,USA,2014-03-04,0.0,0.2709677419354839,0.0,0.9325790676813567,2.016450035423292
GSE44077,USA,2013-02-05,0.0,0.0,0.0,0.0,0.0
GSE54279,SWE,2014-01-22,0.0,0.0,0.0,0.0,0.0
GSE53166,USA,2013-12-06,1.0,0.0,0.915408080199423,0.0,4.830816160398846
GSE53165,USA,2013-12-10,0.0,0.0,0.0,0.0,0.0
GSE26253,KOR,2010-12-21,0.0,0.0,0.0,0.0,0.0
GSE55319,USA,2014-02-25,1.0,0.0,0.344244087092235,0.0,3.68848817418447
GSE46097,USA,2013-04-16,0.0,0.0,0.0,0.0,0.0
GSE43488,FIN,2013-01-14,0.0,0.0,0.0,0.0,0.0
GSE30211,FIN,2011-06-24,0.0,0.0,0.0,0.0,0.0
GSE30210,FIN,2011-06-24,0.0,0.0,0.0,0.0,0.0
GSE49284,USA,2013-07-27,0.0,0.0,0.0,0.0,0.0
GSE44861,USA,2013-03-05,0.0,0.0,0.0,0.0,0.0
GSE55039,KOR,2014-02-14,0.0,0.0,0.0,0.0,0.0
GSE51952,NLD,2013-10-31,0.0,0.0,0.0,0.0,0.0
GSE54004,USA,2014-02-12,1.0,0.0,0.46525105918046283,0.0,3.9305021183609257
GSE47189,DEU,2013-05-14,0.0,0.0,0.0,0.0,0.0
GSE46903,DEU,2013-05-14,0.0,0.0,0.0,0.0,0.0
GSE54648,USA,2014-02-04,0.0,0.0,0.0,0.0,0.0
GSE48277,USA,2013-06-16,0.0,0.20916905444126074,0.0,0.6788933913692171,1.51556960913426
GSE48276,USA,2013-06-25,0.0,0.6293103448275862,0.0,0.6788933913692171,3.1961347706795618
GSE48075,USA,2013-06-18,0.0,0.0,0.0,0.0,0.0
GSE27183,FRA,2011-02-09,0.0,0.0,0.0,0.0,0.0
GSE50588,USA,2013-09-04,0.0,0.0,0.0,0.0,0.0
GSE54514,AUS,2014-01-29,0.0,0.0,0.0,0.0,0.0
GSE43939,USA,2010-11-30,0.0,0.0,0.0,0.0,0.0
GSE41781,NLD,2012-10-23,0.0,0.0,0.0,0.0,0.0
GSE47595,USA,2013-04-27,0.0,0.0,0.0,0.0,0.0
GSE46444,USA,2013-04-27,0.0,0.0,0.0,0.0,0.0
GSE35455,JPN,2012-01-31,0.0,0.0,0.0,0.0,0.0
GSE48113,GBR,2013-06-19,0.0,0.0,0.0,0.0,0.0
GSE54257,NLD,2014-01-21,0.0,0.0,0.0,0.0,0.0
GSE54236,ITA,2014-01-21,0.0,0.0,0.0,0.0,0.0
GSE50948,DEU,2013-09-17,0.0,0.9935897435897436,0.0,0.9176443464145937,4.8920033207735685
GSE35834,ITA,2012-02-15,0.0,0.0,0.0,0.0,0.0
GSE53786,USA,2008-03-14,0.0,0.0,0.0,0.0,0.0
GSE53958,FRA,2014-01-09,0.0,0.0,0.0,0.0,0.0
GSE53987,USA,2014-01-10,0.0,1.0,0.0,0.7067369412083544,4.706736941208354
GSE46699,USA,2013-05-07,0.0,0.0,0.0,0.0,0.0
GSE51406,USA,2013-10-18,0.0,0.0,0.0,0.0,0.0
GSE48391,TWN,2013-06-26,0.0,0.0,0.0,0.0,0.0
GSE40364,USA,2010-06-03,0.0,0.0,0.0,0.0,0.0
GSE53757,USA,2014-01-02,0.0,0.0,0.0,0.0,0.0
GSE49997,AUT,2013-08-19,0.0,0.0,0.0,0.0,0.0
GSE34228,JPN,2011-12-07,0.0,0.0,0.0,0.0,0.0
GSE33193,JPN,2011-10-24,1.0,0.0,0.327532325234433,0.0,3.6550646504688658
GSE29623,USA,2011-05-30,0.0,0.0,0.0,0.0,0.0
GSE51088,USA,2013-09-23,0.0,0.0,0.0,0.0,0.0
GSE53091,CAN,2013-12-06,0.0,0.0,0.0,0.0,0.0
GSE50081,CAN,2013-08-21,1.0,0.0,0.7396976663526014,0.0,4.479395332705202
GSE46604,USA,2010-06-11,0.0,0.0,0.0,0.0,0.0
GSE53399,USA,2013-12-16,0.0,0.0,0.0,0.0,0.0
GSE53261,CAN,2013-11-02,0.0,0.0,0.0,0.0,0.0
GSE53195,AUS,2013-12-10,0.0,0.0,0.0,0.0,0.0
GSE45630,USA,2013-03-29,0.0,0.0,0.0,0.0,0.0
GSE41994,NLD,2012-11-01,0.0,0.0,0.0,0.0,0.0
GSE49053,JPN,2012-11-21,0.0,0.0,0.0,0.0,0.0
GSE52847,ESP,2013-11-19,0.0,0.0,0.0,0.0,0.0
GSE48408,DNK,2013-06-28,0.0,0.0,0.0,0.0,0.0
GSE52428,USA,2013-11-15,0.0,0.0,0.0,0.0,0.0
GSE52392,DEU,2013-11-14,0.0,0.0,0.0,0.0,0.0
GSE49921,USA,2013-08-15,0.0,0.0,0.0,0.0,0.0
GSE44074,JPN,2013-02-05,0.0,0.0,0.0,0.0,0.0
GSE38900,USA,2012-06-23,0.0,0.0,0.0,0.0,0.0
GSE35571,USA,2012-02-06,0.0,0.0,0.0,0.0,0.0
GSE52009,CHN,2013-11-01,0.0,0.0,0.0,0.0,0.0
GSE49354,USA,2013-07-30,0.0,0.0,0.0,0.0,0.0
GSE39004,USA,2012-05-03,0.0,0.5111111111111111,0.0,0.9325790676813567,2.977023512125801
GSE37751,USA,2012-05-03,0.0,0.49074074074074076,0.0,0.9325790676813567,2.89554203064432
GSE42834,GBR,2012-12-10,0.0,0.0,0.0,0.0,0.0
GSE42826,GBR,2012-12-10,0.0,0.0,0.0,0.0,0.0
GSE27020,GRC,2011-02-02,0.0,0.0,0.0,0.0,0.0
GSE51625,GBR,2013-10-23,0.0,0.0,0.0,0.0,0.0
GSE50470,USA,2010-01-26,0.0,0.0,0.0,0.0,0.0
GSE37250,GBR,2012-04-13,0.0,0.0,0.0,0.0,0.0
GSE41329,USA,2012-10-03,0.0,0.0,0.0,0.0,0.0
GSE49175,USA,2013-07-23,0.0,0.0,0.0,0.0,0.0
GSE43580,CHE,2013-01-17,0.0,0.0,0.0,0.0,0.0
GSE28221,USA,2011-03-14,0.0,0.3237410071942446,0.0,0.5539029871620517,1.84886701593903
GSE51092,USA,2013-09-23,0.0,0.0,0.0,0.0,0.0
GSE50058,USA,2013-08-21,0.0,0.0,0.0,0.0,0.0
GSE42050,USA,2012-10-24,0.0,0.3274336283185841,0.0,0.9325790676813567,2.242313580955693
GSE48184,DEU,2010-06-21,0.0,0.0,0.0,0.0,0.0
GSE49032,SWE,2013-05-17,0.0,0.0,0.0,0.0,0.0
GSE47051,SWE,2013-05-17,0.0,0.0,0.0,0.0,0.0
GSE49531,USA,2013-08-03,0.0,0.0,0.0,0.0,0.0
GSE48581,CAN,2013-07-08,0.0,0.0,0.0,0.0,0.0
GSE35320,DEU,2012-01-24,0.0,0.0,0.0,0.0,0.0
GSE50705,USA,2013-09-09,0.0,0.0,0.0,0.0,0.0
GSE48801,USA,2013-07-11,0.0,0.0,0.0,0.0,0.0
GSE46743,DEU,2013-05-08,0.0,0.0,0.0,0.0,0.0
GSE40791,USA,2012-09-11,0.0,0.0,0.0,0.0,0.0
GSE43973,USA,2011-08-09,0.0,0.0,0.0,0.0,0.0
GSE40571,ITA,2012-08-31,0.0,0.0,0.0,0.0,0.0
GSE40570,ITA,2012-09-04,0.0,0.0,0.0,0.0,0.0
GSE31803,USA,2011-08-31,0.0,0.0,0.0,0.0,0.0
GSE36382,DEU,2012-03-08,0.0,0.0,0.0,0.0,0.0
GSE31048,USA,2011-08-29,0.0,0.0,0.0,0.0,0.0
GSE50161,USA,2013-08-23,0.0,0.0,0.0,0.0,0.0
GSE50084,USA,2013-08-22,0.0,0.0,0.0,0.0,0.0
GSE47185,USA,2013-05-22,0.0,0.0,0.0,0.0,0.0
GSE47184,USA,2013-05-22,0.0,0.0,0.0,0.0,0.0
GSE47183,USA,2013-05-22,0.0,0.0,0.0,0.0,0.0
GSE43458,USA,2013-01-11,0.0,0.0,0.0,0.0,0.0
GSE47962,USA,2013-06-14,0.0,0.0,0.0,0.0,0.0
GSE47961,USA,2013-06-14,0.0,0.0,0.0,0.0,0.0
GSE47960,USA,2013-06-14,0.0,0.0,0.0,0.0,0.0
GSE47963,USA,2013-06-14,0.0,0.0,0.0,0.0,0.0
GSE39506,FRA,2012-07-19,0.0,0.0,0.0,0.0,0.0
GSE37138,CHE,2012-04-10,0.0,0.0,0.0,0.0,0.0
GSE42658,GBR,2012-11-30,1.0,0.0,0.35702444280580115,0.0,3.7140488856116023
GSE39444,FIN,2012-07-12,0.0,0.0,0.0,0.0,0.0
GSE42284,NLD,2012-11-14,0.0,0.0,0.0,0.0,0.0
GSE46909,NLD,2013-05-14,0.0,0.0,0.0,0.0,0.0
GSE29272,USA,2011-05-12,0.0,0.0,0.0,0.0,0.0
GSE48556,NLD,2013-07-09,0.0,0.0,0.0,0.0,0.0
GSE48931,GBR,2013-07-16,0.0,0.0,0.0,0.0,0.0
GSE48927,GBR,2013-07-16,0.0,0.0,0.0,0.0,0.0
GSE47684,JPN,2013-06-04,0.0,0.0,0.0,0.0,0.0
GSE48762,USA,2011-06-20,0.0,1.0,0.0,0.33756824369852895,4.337568243698529
